order_id,household_id,destination_community,product_id,product_name,weight_lb,length_in,width_in,height_in
54762,504,Neskantaga,45007,Organic Zucchini,0.4321,7.874,2.362,2.362
54762,504,Neskantaga,39877,Organic Granny Smith Apple,0.5335,3.346,3.15,2.953
54762,504,Neskantaga,28986,Mild Italian Chicken Sausage,1.25,9.055,5.906,1.969
54762,504,Neskantaga,24964,Organic Garlic,0.0992,2.165,2.165,2.362
54762,504,Neskantaga,43371,Crushed Red Pepper,0.125,1.575,1.575,4.134
54762,504,Neskantaga,5025,Green Onions,0.2491,11.811,1.969,1.969
54762,504,Neskantaga,26209,Limes,0.1477,2.165,2.165,1.969
54762,504,Neskantaga,28842,Bunched Cilantro,0.0617,1.575,4.724,9.843
54762,504,Neskantaga,47766,Organic Avocado,0.3307,3.937,3.937,3.15
402083,465,Neskantaga,35951,Organic Unsweetened Almond Milk,4.1667,2.559,3.74,8.858
402083,465,Neskantaga,2063,Fresh Ciliegine Mozzarella Cheese,0.5004,3.937,3.937,2.756
402083,465,Neskantaga,36695,Organic Hothouse Cucumbers,0.9921,9.843,5.906,2.362
402083,465,Neskantaga,9689,Whole Hearts of Palm,0.875,2.756,2.756,5.906
402083,465,Neskantaga,39984,Organic Dill,0.0661,1.575,3.15,11.024
402083,465,Neskantaga,7508,Organic Decaf Black Tea,0.0882,2.992,2.992,5.236
402083,465,Neskantaga,3295,Organic Mother's Milk Herbal Tea,0.0705,2.362,2.953,4.528
402083,465,Neskantaga,35652,Prosciutto Di Parma,0.2491,5.906,3.937,0.787
402083,465,Neskantaga,40256,Cinnamon Sticks,0.5,2.362,3.15,5.906
402083,465,Neskantaga,25089,Whole Cloves,0.0388,1.378,1.378,3.543
980993,559,Neskantaga,39928,Organic Kiwi,0.1631,2.953,2.165,2.165
980993,559,Neskantaga,22390,Organic Raw Sprouted Pumpkin Seeds,0.5004,2.165,5.512,8.268
980993,559,Neskantaga,29460,Hemp Seeds,0.5,2.559,4.921,7.087
980993,559,Neskantaga,44359,Organic Small Bunch Celery,0.7496,3.937,7.087,11.811
980993,559,Neskantaga,48775,Organic Red Cabbage,1.9842,7.087,7.087,7.087
980993,559,Neskantaga,16249,Lacinato Kale Og,0.5004,3.937,9.843,13.78
980993,559,Neskantaga,40706,Organic Grape Tomatoes,0.625,2.362,5.709,2.165
980993,559,Neskantaga,9839,Organic Broccoli,0.9921,5.906,5.906,4.724
980993,559,Neskantaga,5025,Green Onions,0.2491,11.811,1.969,1.969
980993,559,Neskantaga,44698,Wild Alaska Pink Salmon,0.9215,4.252,4.252,1.693
980993,559,Neskantaga,47209,Organic Hass Avocado,0.3307,3.937,2.953,2.953
980993,559,Neskantaga,36695,Organic Hothouse Cucumbers,0.9921,9.843,5.906,2.362
980993,559,Neskantaga,26209,Limes,0.1477,2.165,2.165,1.969
980993,559,Neskantaga,34126,Organic Italian Parsley Bunch,0.1323,9.843,5.906,2.362
1240349,711,Neskantaga,16974,Sea Salt Brown Rice Crackers,0.3748,2.756,7.874,11.417
1240349,711,Neskantaga,38768,Sweet Kale Salad Mix,0.6239,9.843,7.087,1.969
1240349,711,Neskantaga,16797,Strawberries,1.0,7.48,4.528,3.071
1372253,772,Neskantaga,45570,Organic Greek Plain Nonfat Yogurt,0.3312,3.74,3.74,2.26
1722696,988,Neskantaga,11266,Dried Mangos,0.3748,1.969,5.512,8.268
1822346,386,Neskantaga,44359,Organic Small Bunch Celery,0.7496,3.937,7.087,11.811
1822346,386,Neskantaga,22144,Original Cooking Chicken Stock,1.9996,2.598,2.598,9.409
1822346,386,Neskantaga,47626,Large Lemon,0.3086,3.15,2.953,2.953
1822346,386,Neskantaga,25671,Clean Mint Zero Mouthwash,2.2046,2.756,2.756,9.843
1822346,386,Neskantaga,39877,Organic Granny Smith Apple,0.5335,3.346,3.15,2.953
1822346,386,Neskantaga,26209,Limes,0.1477,2.165,2.165,1.969
1881413,453,Neskantaga,5450,Small Hass Avocado,0.2646,3.543,2.756,2.756
1881413,453,Neskantaga,34969,Red Vine Tomato,0.3307,2.953,2.953,2.953
1881413,453,Neskantaga,18465,Organic Grade A Free Range Large Brown Eggs,1.5,11.417,9.843,2.953
1881413,453,Neskantaga,31717,Organic Cilantro,0.0617,11.811,5.906,1.969
1881413,453,Neskantaga,24160,Organic Whole Wheat Tortillas,0.7804,3.937,7.874,9.843
1931587,697,Neskantaga,9644,Danimals Drinkable Yogurt Smoothie Strawberry Explosion & Strikin' Strawberry Kiwi,1.1618,5.906,3.937,5.906
1931587,697,Neskantaga,36472,Nutri Grain Bars Multi Pack,0.6504,7.874,6.299,1.969
1949670,519,Neskantaga,20339,Chocolate Protein Soy & Dairy Protein Shake,0.7165,2.559,2.559,7.677
1949670,519,Neskantaga,11543,Vanilla Protein Protein Shake,0.7496,2.559,2.559,7.677
1949670,519,Neskantaga,11760,7 Whole Grain Nuggets Cereal,0.7496,7.48,2.165,11.024
2027545,373,Neskantaga,45763,Mini Seedless Cucumbers,1.0009,7.874,5.906,2.362
2027545,373,Neskantaga,5182,"Flour, TigerNut",1.0009,3.15,1.969,8.661
2027545,373,Neskantaga,4461,Organic Raw Unfiltered Apple Cider Vinegar,1.0538,2.559,2.559,9.055
2027545,373,Neskantaga,24082,Organic Dark Sweet Cherries,4.0,11.811,7.874,3.15
2027545,373,Neskantaga,12583,Organic Gold Beets,1.0009,5.906,7.874,3.937
2027545,373,Neskantaga,25720,Organic Sunchoke,1.0009,7.874,5.512,2.362
2027545,373,Neskantaga,44683,Brussels Sprouts,1.0009,9.449,6.299,3.15
2049745,521,Neskantaga,7862,Raw Shrimp,1.0,1.969,6.299,9.055
2323155,832,Neskantaga,48034,Peppered Turkey Jerky,0.2028,1.969,6.299,9.449
2323155,832,Neskantaga,27966,Organic Raspberries,0.375,4.921,4.921,1.772
2323155,832,Neskantaga,26209,Limes,0.1477,2.165,2.165,1.969
2323155,832,Neskantaga,32864,Organic Baby Rainbow Carrots,0.75,2.559,5.512,8.661
2323155,832,Neskantaga,14833,Sweet Rejuvenation Cashew Butter Macrobar,0.119,5.512,1.772,0.787
2323155,832,Neskantaga,31948,Organic Gluten-Free Brown Rice Pasta,0.75,2.362,5.709,8.071
2323155,832,Neskantaga,5479,Italian Sparkling Mineral Water,2.2156,3.15,3.15,12.598
2323155,832,Neskantaga,22935,Organic Yellow Onion,0.3263,3.15,3.15,3.15
2323155,832,Neskantaga,35887,Organic Mixed Vegetables,0.625,1.772,7.874,5.512
2323155,832,Neskantaga,28123,Organic Cut Green Beans,1.0009,1.969,7.087,9.449
2323155,832,Neskantaga,46303,Gluten Free Rice Crust Pizza With Cheese,0.6239,1.575,11.024,11.024
2323155,832,Neskantaga,45788,Garlic Lovers Hommus,1.0,7.087,5.512,2.362
2323155,832,Neskantaga,35140,Organic Whole Cashews,1.1023,3.15,6.299,9.055
2401213,891,Neskantaga,46676,Total 0% Nonfat Greek Yogurt,1.9996,3.937,3.937,6.299
2401213,891,Neskantaga,34448,Original Veggie Straws,0.4375,7.874,5.512,2.756
2401213,891,Neskantaga,34428,Orange Slices,0.5,1.969,4.724,7.087
2401213,891,Neskantaga,35233,Peach,0.3241,2.953,2.953,2.756
2401213,891,Neskantaga,22935,Organic Yellow Onion,0.3263,3.15,3.15,3.15
2401213,891,Neskantaga,2121,Cheese Food Alternative American Flavor Slices,0.5004,1.181,5.512,2.756
2401213,891,Neskantaga,17794,Carrots,0.172,7.0,1.252,1.252
2401213,891,Neskantaga,40310,Oven Roasted Turkey Breast,1.0,2.299,7.701,5.5
2401213,891,Neskantaga,16797,Strawberries,1.0,7.48,4.528,3.071
2401213,891,Neskantaga,5212,Watermelon Chunks,1.0,3.937,6.299,2.559
2959984,964,Neskantaga,46616,Organic Dark Chocolate Peanut Butter Cups,0.3748,6.299,3.937,1.181
2959984,964,Neskantaga,19208,Gluten Free Multigrain Bread,0.9502,3.937,5.512,7.087
2959984,964,Neskantaga,46969,Organic Bosc Pear,0.366,2.953,2.953,4.528
2959984,964,Neskantaga,4210,Whole Milk,3.9022,3.748,3.748,9.209
2959984,964,Neskantaga,10036,"Mighty 4 Kale, Strawberry, Amaranth & Greek Yogurt Tots Snack",0.2822,2.756,4.724,6.299
2959984,964,Neskantaga,32989,Mighty 4 Purple Carrot Blackberry Quinoa & Greek Yogurt Tots Snack,0.2183,1.969,3.937,6.299
2959984,964,Neskantaga,12020,"Mighty 4 Sweet Potato, Blueberry, Millet & Greek Yogurt Tots Snack",0.2491,1.772,5.118,7.087
2959984,964,Neskantaga,14211,Baby Food Stage 2 Pumpkin Banana,0.2491,1.772,2.756,4.724
3031137,253,Neskantaga,49235,Organic Half & Half,2.1275,2.756,3.937,9.252
3031137,253,Neskantaga,22559,Kitchen Cheese Enchilada,0.6614,7.48,5.906,1.772
3031137,253,Neskantaga,43552,The Original,0.7496,2.756,7.48,11.811
3031137,253,Neskantaga,13727,Immunity Probiotic,0.0331,4.331,2.165,2.165
3031137,253,Neskantaga,15839,California Grown Chopped Garlic,1.0009,2.559,2.559,4.331
3031137,253,Neskantaga,32655,Organic Large Grade AA Brown Eggs,1.3228,11.811,4.134,2.756
3031137,253,Neskantaga,25424,Cayenne Cleanse Kombucha,1.1023,2.559,2.559,9.252
3131227,98,Neskantaga,33065,Cabernet Sauvignon,1.6535,3.15,3.15,11.811
3131227,98,Neskantaga,2120,Sauvignon Blanc,1.6535,3.15,3.15,11.811
3131227,98,Neskantaga,13259,Organic Variety Pack,4.2329,3.346,6.299,9.449
3131227,98,Neskantaga,4557,Mango Peach Salsa,1.0,7.874,5.906,2.362
3248161,269,Neskantaga,1516,Organic Acai Berry Smoothie Packs,0.8818,1.969,7.874,7.087
3248161,269,Neskantaga,13263,Non Fat Acai & Mixed Berries Yogurt,0.3307,2.953,2.953,2.362
3248161,269,Neskantaga,9076,Blueberries,0.7496,6.299,2.165,8.661
3248161,269,Neskantaga,38067,Coconut Flakes,0.875,2.362,5.512,8.268
3248161,269,Neskantaga,2361,Mint Chip,1.0428,4.016,4.016,4.921
3248161,269,Neskantaga,2596,Lemon Cake Ice Cream,0.8818,4.016,4.016,5.0
3248161,269,Neskantaga,3957,100% Raw Coconut Water,1.0913,2.559,2.559,7.087
3248161,269,Neskantaga,28934,Frozen Broccoli Florets,0.7496,1.969,7.874,11.024
3273029,120,Neskantaga,46149,Zero Calorie Cola,4.3651,3.937,3.937,12.205
3273029,120,Neskantaga,196,Soda,4.4092,4.331,4.331,12.598
3273029,120,Neskantaga,31102,Sugar Free Energy Drink,1.0428,2.598,2.598,6.614
3364570,53,Neskantaga,35412,Select Tender Chicken with Vegetables & Brown Rice Dog Food Recipe,3.9992,2.953,7.48,9.843
3364570,53,Neskantaga,377,Chunky Beef with Vegetables & Brown Rice Dog Food,0.8135,2.953,2.953,4.528
3364570,53,Neskantaga,45541,The Tonight Dough™ Ice Cream,1.0428,4.016,4.016,5.984
3364570,53,Neskantaga,44142,Red Onion,0.3263,3.15,3.15,2.953
3364570,53,Neskantaga,36180,Red Kidney Beans,0.875,2.362,5.906,8.661
3364570,53,Neskantaga,32864,Organic Baby Rainbow Carrots,0.75,2.559,5.512,8.661
3364570,53,Neskantaga,25544,Fresh Cut Golden Sweet Whole Kernel Corn,0.937,3.15,3.15,4.331
3413579,84,Neskantaga,12312,Lavender Hand Soap,0.5203,2.165,2.756,6.89
3413579,84,Neskantaga,47766,Organic Avocado,0.3307,3.937,3.937,3.15
3413579,84,Neskantaga,40396,Guacamole,1.0009,4.331,6.102,2.165
3413579,84,Neskantaga,17484,Thin And Crispy Corn Tortilla Chips,0.6239,3.15,7.874,11.811
3413579,84,Neskantaga,34448,Original Veggie Straws,0.4375,7.874,5.512,2.756
3413579,84,Neskantaga,48595,Organic Wheat Square Crackers,0.5,2.362,7.48,9.449
44224,858,Neskantaga,25952,Original Potato Chips,0.5,4.016,7.992,12.008
44224,858,Neskantaga,26932,Turbinado Cane Sugar,4.0,9.449,5.906,7.874
707985,512,Neskantaga,16759,Organic Carrot Bunch,1.0009,3.937,3.937,9.843
707985,512,Neskantaga,22935,Organic Yellow Onion,0.3263,3.15,3.15,3.15
707985,512,Neskantaga,11136,Organic Low Sodium Chicken Cooking Stock,2.0856,2.559,2.559,7.677
707985,512,Neskantaga,28985,Michigan Organic Kale,0.4409,11.811,7.874,3.15
707985,512,Neskantaga,15290,Orange Bell Pepper,0.3263,3.15,3.937,4.724
707985,512,Neskantaga,39812,Organic Thyme,0.0463,1.181,3.937,9.843
707985,512,Neskantaga,44626,Ground Allspice,0.125,1.969,1.969,4.331
707985,512,Neskantaga,8174,Organic Navel Orange,0.3395,3.937,3.15,3.15
707985,512,Neskantaga,26209,Limes,0.1477,2.165,2.165,1.969
707985,512,Neskantaga,15200,Organic Green Beans,1.0009,2.756,5.512,9.055
707985,512,Neskantaga,5652,Organic Red Potatoes,0.3263,2.953,2.953,2.362
707985,512,Neskantaga,581,Garnet Sweet Potato (Yam),0.2866,5.0,2.0,2.0
707985,512,Neskantaga,18465,Organic Grade A Free Range Large Brown Eggs,1.5,11.417,9.843,2.953
707985,512,Neskantaga,5250,Blueberry Muffin Bar,0.1124,5.512,1.969,0.984
707985,512,Neskantaga,22227,Coconut Cream Pie,2.625,11.024,11.024,3.15
707985,512,Neskantaga,11688,Lemon Fruit & Nut Food Bar,0.0882,3.937,2.756,0.984
707985,512,Neskantaga,47144,Unsweetened Original Almond Breeze Almond Milk,4.1888,2.953,3.74,8.071
784034,877,Neskantaga,48645,Unsweetened Coconutmilk,0.8885,2.559,2.559,4.724
784034,877,Neskantaga,34050,Orange Juice,3.3903,2.756,3.937,9.449
784034,877,Neskantaga,37766,XL Emerald White Seedless Grapes,1.9996,4.724,7.874,3.937
784034,877,Neskantaga,28985,Michigan Organic Kale,0.4409,11.811,7.874,3.15
784034,877,Neskantaga,40332,"Cage Free Brown Eggs-Large, Grade A",1.5,11.811,7.874,2.756
784034,877,Neskantaga,22678,Baby Fresh Pampers Baby Wipes Baby Fresh,0.5732,3.15,4.528,7.874
784034,877,Neskantaga,2588,Wild Wonders Medley Tomato,0.6239,5.906,3.937,1.969
784034,877,Neskantaga,169,Extra Sharp Cheddar Cheese,0.5,1.079,5.61,2.201
784034,877,Neskantaga,19508,Corn Tortillas,1.5625,7.874,7.874,1.969
784034,877,Neskantaga,4588,Oral B Glide Cool Mint Deep Clean Floss,0.0882,1.181,2.559,4.921
784034,877,Neskantaga,11460,ProteinPLUS Multigrain Thin Spaghetti Pasta,1.0009,2.756,5.118,7.874
784034,877,Neskantaga,20057,"Tall Kitchen Bags, Drawstring, Lavender, 13 Gal, Mega Pack",3.9683,3.937,9.449,11.811
784034,877,Neskantaga,3754,Gimbi Pink Grapefruit,2.3369,2.559,2.559,9.449
784034,877,Neskantaga,37634,Toilet Bowl Cleaner with Bleach Rain Clean,1.5631,3.15,4.724,9.843
784034,877,Neskantaga,47626,Large Lemon,0.3086,3.15,2.953,2.953
784034,877,Neskantaga,30960,Regular Pork Sausage Tube,1.0009,7.874,2.756,2.756
784034,877,Neskantaga,16953,Creamy Peanut Butter,1.0,2.85,2.85,5.0
1239012,895,Neskantaga,49215,Kids Sensible Foods Broccoli Littles,0.0926,1.181,3.937,6.299
1239012,895,Neskantaga,9534,Organic White Bread Done Right,1.25,5.512,4.331,7.087
1239012,895,Neskantaga,21137,Organic Strawberries,1.0,7.48,4.528,3.071
1239012,895,Neskantaga,47553,Sugarfree Peppermint Chewing Gum,0.0772,0.787,2.756,3.937
1239012,895,Neskantaga,48554,Gochujang Fermented Sesame Chile Paste,1.1023,2.756,3.543,5.512
1239012,895,Neskantaga,27845,Organic Whole Milk,4.2108,3.748,3.748,9.5
1239012,895,Neskantaga,5575,Cheddar Puffs,0.2491,3.15,7.087,11.024
1239012,895,Neskantaga,28934,Frozen Broccoli Florets,0.7496,1.969,7.874,11.024
1239012,895,Neskantaga,18523,Total 2% All Natural Greek Strained Yogurt with Honey,0.3307,3.15,3.15,2.362
1331103,80,Neskantaga,24010,Wheat Gluten Free Waffles,0.463,7.874,2.362,5.512
1548901,546,Neskantaga,196,Soda,4.4092,4.331,4.331,12.598
1587735,367,Neskantaga,27966,Organic Raspberries,0.375,4.921,4.921,1.772
1587735,367,Neskantaga,13702,Good Seed Organic Thin Sliced Bread,1.5,3.543,4.724,9.055
1587735,367,Neskantaga,43961,Organic Peeled Whole Baby Carrots,1.0009,2.362,5.512,7.874
1587735,367,Neskantaga,19862,Organic Brown Rice Snaps Unsalted Plain,0.2205,3.15,7.087,9.449
1587735,367,Neskantaga,36830,Protein Bar Coconut Cashew,0.1102,1.181,2.362,5.512
1587735,367,Neskantaga,42450,Macaroni & Cheese,0.4542,2.559,5.315,7.283
1587735,367,Neskantaga,21903,Organic Baby Spinach,0.3125,3.0,7.799,10.0
1587735,367,Neskantaga,9339,Organic Chicken & Apple Sausage,0.7496,1.969,5.906,7.874
1587735,367,Neskantaga,44310,Soft Pretzel Mini Buns,0.5622,3.937,7.087,3.15
1587735,367,Neskantaga,42342,Roasted Turkey Breast,0.5,6.299,4.724,1.575
1587735,367,Neskantaga,44910,Organic Spring Mix Salad,0.3125,2.0,8.0,10.0
1587735,367,Neskantaga,5493,Organic Whole Grain Mustard,0.5,2.165,2.559,5.512
1587735,367,Neskantaga,47209,Organic Hass Avocado,0.3307,3.937,2.953,2.953
1587735,367,Neskantaga,21137,Organic Strawberries,1.0,7.48,4.528,3.071
1587735,367,Neskantaga,49264,Organic Earl Grey Noir Tea Bags 20 Count,0.0882,0.984,3.346,5.709
1587735,367,Neskantaga,49518,Thai Green Curry,0.625,7.48,5.512,1.772
1587735,367,Neskantaga,5282,Medium Jalfrezi Curry Indian Simmer Sauce,0.8818,2.362,3.15,6.693
1587735,367,Neskantaga,8654,Pasta Joy Ready Organic Brown Rice Pasta Penne,0.7496,2.362,7.087,11.024
1693324,786,Neskantaga,39928,Organic Kiwi,0.1631,2.953,2.165,2.165
1855447,87,Neskantaga,3835,"Coconut Water, Pure Organic",2.2267,2.756,2.756,9.055
1855447,87,Neskantaga,30233,Organic Large Brown Grade AA Cage Free Eggs,1.4991,8.661,6.299,2.756
1855447,87,Neskantaga,29615,"Bread, Country Buttermilk",1.2478,4.921,4.921,5.512
1855447,87,Neskantaga,19057,Organic Large Extra Fancy Fuji Apple,0.5335,3.543,3.543,3.543
1855447,87,Neskantaga,3999,Bosc Pear,0.366,2.953,2.756,4.724
1855447,87,Neskantaga,15109,Eggo Blueberry Waffles Family Pack,1.4991,2.165,10.433,7.48
2398798,229,Neskantaga,36216,Lime Italian Sparkling Mineral Water,2.2046,2.756,2.756,9.843
2398798,229,Neskantaga,9138,Lemon Italian Sparkling Mineral Water,2.2267,3.15,3.15,12.205
2398798,229,Neskantaga,33787,Total 2% Lowfat Greek Strained Yogurt with Peach,0.3307,2.953,2.953,2.362
2398798,229,Neskantaga,4957,Total 2% Lowfat Greek Strained Yogurt With Blueberry,0.3307,2.953,2.953,2.362
2398798,229,Neskantaga,42265,Organic Baby Carrots,1.0009,2.362,5.512,8.661
2398798,229,Neskantaga,33754,Total 2% with Strawberry Lowfat Greek Strained Yogurt,0.3307,3.15,3.15,2.362
2398798,229,Neskantaga,14917,Blackberry Yogurt,0.3748,3.15,3.15,2.362
2398798,229,Neskantaga,25133,Organic String Cheese,1.4991,2.756,5.512,9.449
2398798,229,Neskantaga,15950,Chik'n Nuggets,0.625,7.874,5.906,1.772
2398798,229,Neskantaga,49533,Cane Sugar,2.0,3.15,6.299,9.449
2398798,229,Neskantaga,45066,Honeycrisp Apple,0.5335,3.543,3.543,3.543
2603758,357,Neskantaga,19057,Organic Large Extra Fancy Fuji Apple,0.5335,3.543,3.543,3.543
2603758,357,Neskantaga,47766,Organic Avocado,0.3307,3.937,3.937,3.15
2603758,357,Neskantaga,432,Vanilla Almond Breeze Almond Milk,4.2329,2.559,3.937,8.268
2603758,357,Neskantaga,37687,Organic Spring Mix,1.0,3.15,7.874,10.63
2603758,357,Neskantaga,5077,100% Whole Wheat Bread,1.5,11.417,5.512,4.724
2603758,357,Neskantaga,32052,Organic Brown Rice Cake Salt-Free,0.2822,7.874,3.15,9.843
2603758,357,Neskantaga,25043,Instant Oatmeal Variety Pack,0.875,7.48,5.512,2.362
2603758,357,Neskantaga,35734,Whole Chia Seeds,0.7496,3.937,2.756,7.087
2603758,357,Neskantaga,8174,Organic Navel Orange,0.3395,3.937,3.15,3.15
2603758,357,Neskantaga,26128,Organic Mango Chunks,5.0,11.811,7.874,3.15
2603758,357,Neskantaga,33489,Organic Peppermint Tea,0.0661,2.953,2.559,3.937
2603758,357,Neskantaga,17794,Carrots,0.172,7.0,1.252,1.252
2603758,357,Neskantaga,41950,Organic Tomato Cluster,1.4991,3.937,7.874,5.906
2603758,357,Neskantaga,48736,Ricotta And Spinach Tondi,0.7496,1.969,5.906,9.449
2603758,357,Neskantaga,31927,Four Cheese Pasta Sauce,1.5,3.299,3.299,5.311
2603758,357,Neskantaga,39619,Organic Tomato Basil Pasta Sauce,1.5625,2.953,2.953,4.724
2603758,357,Neskantaga,24030,Premium Organic Concord Grape Spread,1.1244,2.756,2.756,5.118
2603758,357,Neskantaga,30450,Creamy Almond Butter,1.0,2.756,3.346,5.118
2645129,795,Neskantaga,42356,Strawberry Preserves,1.125,2.929,2.929,5.15
2645129,795,Neskantaga,9324,Organic Apricots,0.11,1.772,4.724,7.087
2979040,969,Neskantaga,2014,Low Fat Kefir Cultured Milk Smoothie Lowfat Probiotic Blueberry,2.2046,3.15,3.15,9.449
2979040,969,Neskantaga,38274,Ice Cream Sandwiches Vanilla,1.1244,2.756,4.331,5.709
2979040,969,Neskantaga,11440,Chicken Breast Tenders Breaded,0.75,9.843,7.874,1.969
2979040,969,Neskantaga,45633,Organic Beef Hot Dogs,1.0009,2.362,5.906,1.969
2979040,969,Neskantaga,32717,Baked Beans,0.9375,5.512,2.756,4.331
2979040,969,Neskantaga,41242,Strawberry Lowfat Yogurt,2.0,4.134,4.134,5.906
2979040,969,Neskantaga,22908,Sesame Street Organic Homestyle Mini Pancakes,0.5004,1.772,7.087,9.055
2979040,969,Neskantaga,28597,Organic Stoneground Wheat Crackers,0.5004,2.992,7.992,2.52
2979040,969,Neskantaga,3855,White Hot Dog Rolls,0.7496,3.15,7.48,7.087
3032611,797,Neskantaga,27796,Real Mayonnaise,0.7188,2.362,3.465,8.071
3032611,797,Neskantaga,15290,Orange Bell Pepper,0.3263,3.15,3.937,4.724
3032611,797,Neskantaga,4136,Living Herbs Potted Living Basil,0.2646,5.906,5.906,11.811
3032611,797,Neskantaga,397,Pure Granulated Cane Sugar,3.9904,10.63,4.331,2.756
3032611,797,Neskantaga,1849,Ultra Fine Mist Aerosol Hairspray,0.7496,2.559,2.559,9.449
3032611,797,Neskantaga,12496,Radish,1.0009,5.906,3.937,2.362
3032611,797,Neskantaga,12779,Spaghetti Squash,2.4251,9.843,5.118,5.118
3032611,797,Neskantaga,36186,Large Grade AA Organic Eggs,1.3228,11.811,4.134,2.756
3052761,384,Neskantaga,43154,Sparkling Mineral Water,2.2377,3.346,3.346,10.63
3052761,384,Neskantaga,4938,Steak Strips,0.75,7.874,5.906,1.969
3080196,290,Neskantaga,35759,"Home Delights Dog Food, Beef Stew Flavor",0.8135,3.346,3.346,1.969
3080196,290,Neskantaga,43511,Sunrise Grilled Steak and Eggs Canine Cuisine Wet Dog Food,0.8157,2.953,4.134,1.496
3080196,290,Neskantaga,16096,Filet Mignon Canine Cuisine Wet Dog Food,0.8135,4.331,2.953,1.378
3080196,290,Neskantaga,39979,Chicken and Liver Canine Cuisine Wet Dog Food,0.8113,2.953,2.953,4.134
3080196,290,Neskantaga,31981,1% Low Fat Milk,4.299,3.882,3.882,9.441
3080196,290,Neskantaga,47409,Original Red Raspberry Yogurt,1.9996,5.906,5.906,3.937
3080196,290,Neskantaga,45185,Whips! Chocolate Yogurt Mousse,1.0009,7.874,5.906,2.756
3080196,290,Neskantaga,22782,Original Key Lime Pie Yogurt,0.3307,2.953,2.953,2.362
3080196,290,Neskantaga,11456,Sour Cream & Onion Flavored Potato Chips,0.4844,2.756,7.874,12.205
3080196,290,Neskantaga,30251,All Natural Apple Juice Drink,4.277,2.953,3.937,8.858
3080196,290,Neskantaga,20156,Mixed Berry Yogurt,0.375,2.953,2.953,2.362
3080196,290,Neskantaga,10131,Original Strawberry Mango Yogurt,0.375,2.598,2.598,3.5
3080196,290,Neskantaga,27395,Original Low Fat Orange Cream Yogurt,0.3307,2.953,2.953,2.559
3080196,290,Neskantaga,17794,Carrots,0.172,7.0,1.252,1.252
3080196,290,Neskantaga,23678,Original Yogurt Caramel,0.3748,2.756,2.756,3.74
3080196,290,Neskantaga,37066,Original Cherry Orchard Yogurt,0.3307,3.15,3.15,2.362
3080196,290,Neskantaga,10181,Classic Guacamole,0.5,2.165,5.315,7.087
3080196,290,Neskantaga,25860,Porterhouse Steak Flavor In Meaty Juices Wet Dog Food,0.8245,1.575,2.953,3.937
3080196,290,Neskantaga,38653,100 Calorie Pineapple Coconut Blended Greek Yogurt,0.3307,2.559,2.559,2.362
3080196,290,Neskantaga,19546,Port Wine Spreadable Cheese,0.875,5.906,5.906,2.756
3080196,290,Neskantaga,38428,Keurig Green Mountain Coffee Breakfast Blend Light Roast Coffee K-Cups,0.2381,5.512,3.937,7.087
3080196,290,Neskantaga,29432,Original Crackers,0.4375,1.969,6.693,9.449
3080196,290,Neskantaga,23405,Pure Baking Soda,1.0009,7.48,4.921,2.165
3080196,290,Neskantaga,15353,Angus Beef With Bacon & Cheese,0.2205,2.953,2.953,1.772
3080196,290,Neskantaga,7546,Original Pork Links Sausage,0.7496,7.874,5.906,1.969
3080196,290,Neskantaga,26863,Original Frosted Mini Wheats Little Bites,1.1244,2.362,7.48,11.22
3080196,290,Neskantaga,14163,Ready to Bake! Chocolate Chip with Hershey's Chocolate Chips Cookies,1.0318,11.024,2.756,2.756
3080196,290,Neskantaga,39620,Crunchy Taco Shells,0.2875,3.15,5.906,9.055
3080196,290,Neskantaga,15363,Mini Round Containers + Lids,0.3968,4.724,4.724,3.543
3080196,290,Neskantaga,13423,Grands! Flaky Layers Original Biscuits,1.0207,1.772,2.756,7.874
3088145,53,Neskantaga,16714,Mocha Frappucino Chilled Coffee Drink,0.8929,2.362,2.362,7.48
3088145,53,Neskantaga,17659,Flavored Bread Crumbs,0.9375,2.559,2.559,7.874
3088145,53,Neskantaga,377,Chunky Beef with Vegetables & Brown Rice Dog Food,0.8135,2.953,2.953,4.528
3088145,53,Neskantaga,39124,Half Tea & Half Lemonade,3.3951,2.953,2.953,10.63
3088145,53,Neskantaga,1319,100% Recycled White Unscented Bathroom Tissue,1.6976,9.055,7.48,9.055
3088145,53,Neskantaga,10339,Unsweetened Blackberry Water,2.2046,2.953,2.953,10.63
3088145,53,Neskantaga,4952,Unsweet Peach Water,1.1023,2.559,2.559,8.465
3088145,53,Neskantaga,48453,"Water, Unsweet, Crisp Apple",2.2046,2.559,2.559,11.024
3088145,53,Neskantaga,17530,Unsweetened Watermelon Water,1.1244,2.559,2.559,8.465
3088145,53,Neskantaga,3390,Papaya,1.5432,9.843,5.906,5.906
3088145,53,Neskantaga,29,Fresh Cut Golden Sweet No Salt Added Whole Kernel Corn,0.9524,2.559,3.15,4.331
3088145,53,Neskantaga,35233,Peach,0.3241,2.953,2.953,2.756
3132753,863,Neskantaga,43351,Strawberry Peach Still Artesian Water,1.1023,2.559,2.559,8.465
3132753,863,Neskantaga,8053,Organic Pineapple Chunks,0.625,1.969,5.118,7.087
3132753,863,Neskantaga,26209,Limes,0.1477,2.165,2.165,1.969
3132753,863,Neskantaga,46667,Organic Ginger Root,0.3748,4.724,2.756,1.575
3132753,863,Neskantaga,45603,Trilogy Kombucha Drink,1.0428,2.559,2.559,9.449
3132753,863,Neskantaga,30776,Organic Raw Kombucha Gingerade,1.0428,2.756,2.756,9.055
3132753,863,Neskantaga,8736,Synergy Organic & Raw Cosmic Cranberry,1.0538,2.756,2.756,7.48
3132753,863,Neskantaga,17027,Avocado Roll,0.3748,4.331,4.331,1.969
3132753,863,Neskantaga,21137,Organic Strawberries,1.0,7.48,4.528,3.071
3132753,863,Neskantaga,5450,Small Hass Avocado,0.2646,3.543,2.756,2.756
3132753,863,Neskantaga,14808,Fermented Mango Probiotic Soy Drink,0.4696,2.283,2.283,6.496
3132753,863,Neskantaga,34969,Red Vine Tomato,0.3307,2.953,2.953,2.953
3132753,863,Neskantaga,27966,Organic Raspberries,0.375,4.921,4.921,1.772
3132753,863,Neskantaga,15906,Midnight Moon,0.5004,3.15,3.15,1.969
3132753,863,Neskantaga,13292,"Juice Beverage, Cold Pressed, Kale Apple Ginger Romaine Spinach Cucumber Celery Parsley Lemon",0.8069,2.362,2.362,7.874
3132753,863,Neskantaga,32689,Romaine Hearts,1.1244,5.906,3.937,11.811
3183523,461,Neskantaga,1409,Dairy Free Coconut Milk Passionate Mango Yogurt Alternative,0.3307,2.953,2.953,2.165
3183523,461,Neskantaga,8710,Dairy Free Coconut Milk Blueberry Yogurt Alternative,0.3307,3.15,3.15,2.362
3183523,461,Neskantaga,16663,Mozzarella Style Slices,0.5004,1.378,4.724,7.48
142230,466,Neskantaga,43713,Organic Creamy Peanut Butter,1.0,3.201,3.201,4.909
348775,488,Neskantaga,42265,Organic Baby Carrots,1.0009,2.362,5.512,8.661
348775,488,Neskantaga,44471,Free & Clear Unscented Baby Wipes,1.0009,3.543,7.087,9.449
348775,488,Neskantaga,30543,Herring In Wine Sauce,1.625,3.346,3.346,5.906
348775,488,Neskantaga,34427,Butter Beans,0.875,2.283,2.913,4.331
348775,488,Neskantaga,43153,Orange Cauliflower Head,1.433,7.087,7.087,6.299
348775,488,Neskantaga,39984,Organic Dill,0.0661,1.575,3.15,11.024
348775,488,Neskantaga,36695,Organic Hothouse Cucumbers,0.9921,9.843,5.906,2.362
348775,488,Neskantaga,35510,Organic Yukon Gold Potato,0.3263,2.756,2.362,2.165
348775,488,Neskantaga,6000,Organic Baby Romaine,0.3125,7.874,5.512,2.362
348775,488,Neskantaga,5646,Organic Turkey Bacon,0.5,1.575,5.906,9.055
348775,488,Neskantaga,13838,Natural Free & Clear Dish Liquid,2.5507,11.201,4.5,2.701
348775,488,Neskantaga,47882,Bread & Butter Chips,1.0009,3.346,3.346,4.921
348775,488,Neskantaga,16029,Organic Fully Cooked Chicken & Apple Sausage,0.7496,2.165,5.709,7.874
348775,488,Neskantaga,47766,Organic Avocado,0.3307,3.937,3.937,3.15
348775,488,Neskantaga,21405,"Organic Red Radish, Bunch",0.9921,2.362,5.906,9.055
348775,488,Neskantaga,8277,Apple Honeycrisp Organic,0.5335,3.346,3.346,3.268
348775,488,Neskantaga,24390,Pomegranate,0.6614,3.937,3.937,3.543
348775,488,Neskantaga,38777,Organic Green Seedless Grapes,2.2046,9.055,6.299,4.331
348775,488,Neskantaga,27521,Organic Lacinato (Dinosaur) Kale,0.4409,11.811,7.874,3.15
348775,488,Neskantaga,15200,Organic Green Beans,1.0009,2.756,5.512,9.055
348775,488,Neskantaga,36865,Non Fat Raspberry Yogurt,0.3307,3.15,3.15,2.362
348775,488,Neskantaga,21083,Corn Puffs with Aged White Cheddar (Lunch Packs),0.3086,1.575,5.906,7.874
348775,488,Neskantaga,29993,Organic Low Fat Chocolate Milk,2.1473,2.756,2.756,7.874
348775,488,Neskantaga,49112,Lowfat Vanilla Milk,2.0944,3.543,3.74,9.252
446247,98,Neskantaga,21386,Smartwater,2.2046,2.953,2.953,12.402
480866,123,Neskantaga,35561,Organic Tortilla Chips,2.5,6.299,9.449,12.992
480866,123,Neskantaga,40742,French Roast Whole Bean Coffee,1.4991,5.118,3.15,9.449
480866,123,Neskantaga,17419,Sprouted Whole Wheat Bread,1.4991,5.118,7.087,5.118
480866,123,Neskantaga,12078,Shredded Mexican Blend Cheese,2.0,3.15,7.874,10.63
480866,123,Neskantaga,12341,Hass Avocados,1.1244,7.874,5.906,3.937
523640,629,Neskantaga,45570,Organic Greek Plain Nonfat Yogurt,0.3312,3.74,3.74,2.26
523640,629,Neskantaga,27966,Organic Raspberries,0.375,4.921,4.921,1.772
523640,629,Neskantaga,19019,Uncured Slow Cooked Ham,0.6562,1.575,6.299,9.055
523640,629,Neskantaga,27874,Apple Sauce Pouches,0.7937,3.937,2.362,7.087
780226,113,Neskantaga,15680,Red Plastic Cups,0.5071,3.937,3.937,7.48
1546498,279,Neskantaga,21903,Organic Baby Spinach,0.3125,3.0,7.799,10.0
1546498,279,Neskantaga,37687,Organic Spring Mix,1.0,3.15,7.874,10.63
1546498,279,Neskantaga,6473,Bag of Lemons,2.9983,8.661,7.087,5.118
2162643,232,Neskantaga,23288,Distilled Water,8.3445,3.543,3.543,11.417
2162643,232,Neskantaga,18234,Organic Spinach Bunch,0.3748,11.811,7.874,3.15
2162643,232,Neskantaga,9839,Organic Broccoli,0.9921,5.906,5.906,4.724
2162643,232,Neskantaga,8193,Russet Potato,0.3263,3.937,2.756,2.362
2162643,232,Neskantaga,10385,Organic English Cucumber,0.6548,9.843,2.165,2.165
2162643,232,Neskantaga,28985,Michigan Organic Kale,0.4409,11.811,7.874,3.15
2162643,232,Neskantaga,8277,Apple Honeycrisp Organic,0.5335,3.346,3.346,3.268
2162643,232,Neskantaga,39275,Organic Blueberries,0.3748,6.693,4.724,1.772
2162643,232,Neskantaga,21497,White Sandwich Bread,1.25,5.118,3.937,6.102
2162643,232,Neskantaga,19019,Uncured Slow Cooked Ham,0.6562,1.575,6.299,9.055
2162643,232,Neskantaga,19906,Fresh Whole White Mushrooms,0.5004,5.512,3.543,1.969
2198878,485,Neskantaga,36214,Turkey Burger Patties,1.0009,9.055,7.087,1.969
2198878,485,Neskantaga,3999,Bosc Pear,0.366,2.953,2.756,4.724
2198878,485,Neskantaga,35951,Organic Unsweetened Almond Milk,4.1667,2.559,3.74,8.858
2198878,485,Neskantaga,13921,Vegetable Classics Garden Vegetable Soup,1.1596,2.638,4.016,4.331
2198878,485,Neskantaga,23719,Chicken Tortilla Soup,1.5,2.756,6.102,7.874
2198878,485,Neskantaga,4443,House Blend Medium Dark Roast Ground Coffee,0.7496,3.15,3.937,7.087
2198878,485,Neskantaga,37571,Color Preserve Shine Shampoo,0.8818,2.756,2.165,8.661
2198878,485,Neskantaga,5101,Lean Sweet Italian Turkey Sausage,1.0009,7.874,5.512,1.969
2198878,485,Neskantaga,12320,Organic Italian Herb Pasta Sauce,1.5,2.953,2.953,5.118
2912928,606,Neskantaga,5646,Organic Turkey Bacon,0.5,1.575,5.906,9.055
2912928,606,Neskantaga,35140,Organic Whole Cashews,1.1023,3.15,6.299,9.055
2912928,606,Neskantaga,42265,Organic Baby Carrots,1.0009,2.362,5.512,8.661
2912928,606,Neskantaga,33846,Roasted Garlic Hummus,0.625,3.346,3.346,2.165
2912928,606,Neskantaga,11520,Large Alfresco Eggs,1.3228,2.559,6.102,2.953
235402,174,Summer Beaver,29447,"Milk, Organic, Vitamin D",8.576,4.134,6.496,10.827
235402,174,Summer Beaver,25659,Organic Coconut Milk,3.1747,4.5,4.5,10.252
235402,174,Summer Beaver,35221,Lime Sparkling Water,2.2046,3.15,3.15,10.63
235402,174,Summer Beaver,41716,Jalapeno,0.0309,3.15,1.181,1.181
235402,174,Summer Beaver,37792,Original Baked Cheese Puffs,0.4365,3.15,6.102,9.449
235402,174,Summer Beaver,46667,Organic Ginger Root,0.3748,4.724,2.756,1.575
235402,174,Summer Beaver,21903,Organic Baby Spinach,0.3125,3.0,7.799,10.0
235402,174,Summer Beaver,48647,Mini Chocolate Croissant,0.1257,3.937,2.362,1.969
297033,630,Summer Beaver,49141,Gluten Free Rice Chex,0.75,2.5,7.65,11.85
297033,630,Summer Beaver,39581,French Vanilla Creamer,2.1275,3.551,3.551,9.709
297033,630,Summer Beaver,36011,Organic Fat Free Milk,8.5936,6.299,3.937,11.417
297033,630,Summer Beaver,2962,"Milk, Reduced Fat, 2% Milkfat",8.5319,4.016,6.496,11.496
297033,630,Summer Beaver,11361,Pure Almond Unsweetened Original Almond Milk,4.2329,2.953,3.74,9.252
297033,630,Summer Beaver,12953,Organic Just Tart Cherry Juice,2.1936,2.953,2.953,10.236
297033,630,Summer Beaver,5077,100% Whole Wheat Bread,1.5,11.417,5.512,4.724
297033,630,Summer Beaver,49628,Yoghurt Blueberry,0.3748,3.15,3.15,2.362
297033,630,Summer Beaver,22151,Tart Cherry Yoghurt,0.3748,2.992,2.992,2.283
457717,889,Summer Beaver,47766,Organic Avocado,0.3307,3.937,3.937,3.15
457717,889,Summer Beaver,27104,Fresh Cauliflower,1.3228,5.906,5.906,5.906
470752,807,Summer Beaver,19057,Organic Large Extra Fancy Fuji Apple,0.5335,3.543,3.543,3.543
486472,804,Summer Beaver,12341,Hass Avocados,1.1244,7.874,5.906,3.937
486472,804,Summer Beaver,8048,Packaged Grape Tomatoes,0.6239,2.362,4.724,1.969
486472,804,Summer Beaver,46149,Zero Calorie Cola,4.3651,3.937,3.937,12.205
486472,804,Summer Beaver,1940,Organic 2% Reduced Fat Milk,4.2329,3.346,3.346,10.433
486472,804,Summer Beaver,30827,Seedless Cucumbers,1.0009,2.756,7.087,9.449
486472,804,Summer Beaver,37919,Organic 2% Chocolate Milk,2.2487,3.15,3.15,9.252
486472,804,Summer Beaver,8859,Natural Spring Water,3.3069,3.346,3.346,12.205
486472,804,Summer Beaver,18811,Organic Apple Juice,2.1605,3.799,3.799,8.051
486472,804,Summer Beaver,6758,Hearts Of Palm,0.875,2.953,2.953,4.921
619611,403,Summer Beaver,5322,Gluten Free Dark Chocolate Chunk Chewy with a Crunch Granola Bars,0.4365,1.969,7.087,9.055
619611,403,Summer Beaver,6069,Maple Pumpkin Seeds with Sea Salt Chewy with a Crunch Granola Bars,0.388,7.874,5.906,1.969
619611,403,Summer Beaver,39877,Organic Granny Smith Apple,0.5335,3.346,3.15,2.953
1168589,229,Summer Beaver,25133,Organic String Cheese,1.4991,2.756,5.512,9.449
1168589,229,Summer Beaver,36216,Lime Italian Sparkling Mineral Water,2.2046,2.756,2.756,9.843
1168589,229,Summer Beaver,9138,Lemon Italian Sparkling Mineral Water,2.2267,3.15,3.15,12.205
1168589,229,Summer Beaver,9290,Country Cheddar Bowl,0.6239,7.087,5.512,1.772
1168589,229,Summer Beaver,33957,Mexican Casserole Bowl,0.7496,5.906,7.48,1.772
1168589,229,Summer Beaver,9124,Broccoli & Cheddar Bake Meal Bowl,0.6261,7.48,5.906,1.772
1168589,229,Summer Beaver,12324,Indian Paneer Tikka,0.6239,1.772,7.087,5.512
1168589,229,Summer Beaver,35469,Enchilada Black Bean Vegetable,0.6239,7.874,5.906,1.575
1168589,229,Summer Beaver,12381,Bowls Tortilla Casserole & Black Beans,0.5622,7.874,6.693,1.575
1168589,229,Summer Beaver,42265,Organic Baby Carrots,1.0009,2.362,5.512,8.661
1374495,3,Summer Beaver,9387,Granny Smith Apples,0.5335,2.953,2.953,3.071
1374495,3,Summer Beaver,17668,Unsweetened Chocolate Almond Breeze Almond Milk,4.2549,2.559,4.134,9.252
1374495,3,Summer Beaver,15143,Blueberry Pint,0.7496,4.724,4.724,2.953
1374495,3,Summer Beaver,16797,Strawberries,1.0,7.48,4.528,3.071
1374495,3,Summer Beaver,39190,Vanilla Unsweetened Almond Milk,4.277,3.071,3.78,9.252
1374495,3,Summer Beaver,47766,Organic Avocado,0.3307,3.937,3.937,3.15
1374495,3,Summer Beaver,21903,Organic Baby Spinach,0.3125,3.0,7.799,10.0
1374495,3,Summer Beaver,39922,Celery Sticks,1.25,4.016,5.984,2.008
1374495,3,Summer Beaver,32402,"Crackers, Crispy, Cheddar",0.5004,2.362,7.48,5.118
1608919,550,Summer Beaver,31981,1% Low Fat Milk,4.299,3.882,3.882,9.441
1608919,550,Summer Beaver,6541,Organic Baby Food Banana Beet & Blueberry,0.1984,1.772,2.559,4.921
1608919,550,Summer Beaver,23619,Brownie Crunch Bar Dark Chocolate,0.0882,5.512,1.969,0.787
1608919,550,Summer Beaver,26209,Limes,0.1477,2.165,2.165,1.969
1608919,550,Summer Beaver,5450,Small Hass Avocado,0.2646,3.543,2.756,2.756
1608919,550,Summer Beaver,10403,Honey Low Fat Grahams,0.7804,8.268,5.512,1.969
1608919,550,Summer Beaver,47626,Large Lemon,0.3086,3.15,2.953,2.953
1608919,550,Summer Beaver,40310,Oven Roasted Turkey Breast,1.0,2.299,7.701,5.5
1608919,550,Summer Beaver,48057,"Hummus, Hope, Original Recipe",0.5004,6.102,6.102,2.165
1608919,550,Summer Beaver,7076,Grain Free Chicken Formula Cat Food,2.9983,9.449,7.087,2.756
1608919,550,Summer Beaver,13740,Organic Summer Strawberry Bunny Fruit Snacks,0.3131,7.087,5.118,1.575
1608919,550,Summer Beaver,28134,Grain Free Turkey Canned Cat Food,0.3439,1.575,4.134,4.134
1608919,550,Summer Beaver,7952,Chicken & Apple Breakfast Sausage,0.9375,7.874,5.512,1.575
1608919,550,Summer Beaver,33232,Unsweetened Cashew Milk,2.1275,2.756,2.559,8.071
1608919,550,Summer Beaver,8518,Organic Red Onion,0.3263,3.15,3.15,3.937
1608919,550,Summer Beaver,7781,Organic Sticks Low Moisture Part Skim Mozzarella String Cheese,0.7408,2.756,6.299,8.661
1608919,550,Summer Beaver,23375,Marinara Sauce,1.5,3.5,3.5,6.661
1608919,550,Summer Beaver,40709,Sea Salt & Vinegar Potato Chips,0.1323,3.15,7.087,9.449
1608919,550,Summer Beaver,10761,Organic Yokids Lemonade/Blueberry Variety Pack Yogurt Squeezers Tubes,3.5009,9.449,6.299,2.756
1608919,550,Summer Beaver,32177,Blood Oranges,0.3395,2.953,2.953,2.953
1608919,550,Summer Beaver,38456,Large Grapefruit,0.6614,5.906,5.906,5.906
1608919,550,Summer Beaver,47890,Whole White Mushrooms,0.5,6.299,4.724,1.969
1608919,550,Summer Beaver,325,Veggie-Style Mini Corn Dogs,1.0009,2.362,7.874,5.906
1608919,550,Summer Beaver,9200,Organic Corn,0.3307,7.874,2.362,2.362
1608919,550,Summer Beaver,38374,Milk and Cookies Ice Cream,1.0428,3.346,6.299,6.496
1608919,550,Summer Beaver,7401,Raw Chocolate Cacao Nibs,0.5004,1.575,5.906,8.661
1608919,550,Summer Beaver,31185,Red Beans & Rice New Orleans Recipe,0.549,1.378,5.118,7.087
1608919,550,Summer Beaver,44628,Organic Dijon Mustard,0.75,2.756,2.756,5.512
1608919,550,Summer Beaver,29732,Red Grapes,1.9996,2.992,5.984,7.992
1608919,550,Summer Beaver,38299,Mini Italian Eggplant,0.3748,1.969,1.969,5.906
1608919,550,Summer Beaver,21137,Organic Strawberries,1.0,7.48,4.528,3.071
1608919,550,Summer Beaver,12144,Gluten-Free Chicken Nuggets,1.25,2.362,7.087,9.055
1721889,401,Summer Beaver,49683,Cucumber Kirby,0.5512,7.874,1.969,1.969
1721889,401,Summer Beaver,47626,Large Lemon,0.3086,3.15,2.953,2.953
1721889,401,Summer Beaver,28985,Michigan Organic Kale,0.4409,11.811,7.874,3.15
1721889,401,Summer Beaver,47766,Organic Avocado,0.3307,3.937,3.937,3.15
1721889,401,Summer Beaver,26209,Limes,0.1477,2.165,2.165,1.969
1721889,401,Summer Beaver,40604,Feta Cheese Crumbles,0.375,3.937,3.15,2.362
1721889,401,Summer Beaver,8518,Organic Red Onion,0.3263,3.15,3.15,3.937
1721889,401,Summer Beaver,24964,Organic Garlic,0.0992,2.165,2.165,2.362
1721889,401,Summer Beaver,27881,"Olives, Organic, Kalamata, Pitted",0.3748,2.953,2.953,4.724
1721889,401,Summer Beaver,21938,Green Bell Pepper,0.3263,3.937,3.15,3.543
1721889,401,Summer Beaver,13249,Skim Milk,4.3211,2.756,2.756,9.252
1721889,401,Summer Beaver,45066,Honeycrisp Apple,0.5335,3.543,3.543,3.543
1721889,401,Summer Beaver,9387,Granny Smith Apples,0.5335,2.953,2.953,3.071
1721889,401,Summer Beaver,15872,Celery Hearts,1.4991,4.724,6.299,11.024
1721889,401,Summer Beaver,30849,Blueberries Pint,0.7496,4.921,4.921,3.346
1721889,401,Summer Beaver,46676,Total 0% Nonfat Greek Yogurt,1.9996,3.937,3.937,6.299
1721889,401,Summer Beaver,20842,Total 0% Greek Yogurt,0.3748,2.992,2.992,2.52
1721889,401,Summer Beaver,41055,Organic Red Wine Vineger,1.6667,2.559,2.559,9.843
1721889,401,Summer Beaver,49424,Cereal Honey Bears,0.7496,2.559,6.102,9.449
2233425,139,Summer Beaver,20940,Organic Low Fat Milk,4.1888,3.543,3.543,7.087
2233425,139,Summer Beaver,41400,Crunchy Oats 'n Honey Granola Bars,0.582,2.165,5.906,7.874
2233425,139,Summer Beaver,34005,Black Seedless Grapes,1.4991,7.087,5.118,3.937
2315446,42,Summer Beaver,39275,Organic Blueberries,0.3748,6.693,4.724,1.772
2315446,42,Summer Beaver,30511,Thin & Crispy Crust Four Cheese Pizza,0.8818,12.205,12.205,1.772
2315446,42,Summer Beaver,21925,50/50 Mix Spring Mix and Baby Spinach Salad Blend,0.3131,7.48,6.299,2.756
2315446,42,Summer Beaver,12381,Bowls Tortilla Casserole & Black Beans,0.5622,7.874,6.693,1.575
2610990,512,Summer Beaver,29066,Beyond Chicken Grilled Strips,0.5004,2.362,7.087,9.055
2610990,512,Summer Beaver,28985,Michigan Organic Kale,0.4409,11.811,7.874,3.15
2610990,512,Summer Beaver,47766,Organic Avocado,0.3307,3.937,3.937,3.15
2610990,512,Summer Beaver,17560,Dairy Free Cultured Plain Coconut Milk,1.9996,3.346,3.346,6.102
2610990,512,Summer Beaver,35140,Organic Whole Cashews,1.1023,3.15,6.299,9.055
2610990,512,Summer Beaver,24964,Organic Garlic,0.0992,2.165,2.165,2.362
2610990,512,Summer Beaver,4461,Organic Raw Unfiltered Apple Cider Vinegar,1.0538,2.559,2.559,9.055
2610990,512,Summer Beaver,46979,Asparagus,1.0009,3.937,7.087,11.024
2610990,512,Summer Beaver,47626,Large Lemon,0.3086,3.15,2.953,2.953
2610990,512,Summer Beaver,27730,Almond Breeze Original Almond Milk,4.2329,2.559,3.543,9.252
2610990,512,Summer Beaver,16834,Premium Quality Cornstarch,1.0009,2.362,3.15,7.48
2610990,512,Summer Beaver,27104,Fresh Cauliflower,1.3228,5.906,5.906,5.906
2610990,512,Summer Beaver,48395,Original Rice Pilaf Mix,0.5004,1.969,5.118,7.087
2610990,512,Summer Beaver,32293,Organic Bunny Fruit Tropical Treat Fruit Snacks,0.5004,1.969,5.118,7.087
2610990,512,Summer Beaver,14867,Honey Bunny Grahams,0.4696,2.165,7.087,9.843
2610990,512,Summer Beaver,39877,Organic Granny Smith Apple,0.5335,3.346,3.15,2.953
2610990,512,Summer Beaver,42265,Organic Baby Carrots,1.0009,2.362,5.512,8.661
2610990,512,Summer Beaver,10840,Blueberry Crisp Energy Bar,0.0882,2.165,1.378,0.591
2610990,512,Summer Beaver,20876,Crunchy Peanut Butter Energy Bar,0.8995,3.15,6.102,8.268
2610990,512,Summer Beaver,34380,Coconut Chocolate Chip,0.3748,7.48,6.299,1.969
2610990,512,Summer Beaver,38844,Oatmeal Raisin Walnut Energy Bar,0.1257,5.315,2.953,1.575
2808127,701,Summer Beaver,47626,Large Lemon,0.3086,3.15,2.953,2.953
2808127,701,Summer Beaver,44688,Fresh Awake Energizing Scent Body& Face Wash,1.1729,9.055,3.15,1.969
2808127,701,Summer Beaver,35804,Continuous Control® Acne Cleanser Cleansers,0.3263,1.89,1.89,6.496
2808127,701,Summer Beaver,43183,Deli Fresh Shaved Smoked Turkey Breast,0.5622,5.906,4.331,1.575
2808127,701,Summer Beaver,9623,Sparkling Natural Spring Water,2.2046,2.992,2.992,10.63
2808127,701,Summer Beaver,13870,Lightly Salted Baked Snap Pea Crisps,0.2491,7.087,4.724,1.969
2890966,36,Summer Beaver,11079,1500 Pale Ale,1.0428,2.598,2.598,6.614
2890966,36,Summer Beaver,4406,Delhi Saag,0.6239,2.953,2.953,4.134
2890966,36,Summer Beaver,1529,"Parsley, Italian (Flat), New England Grown",0.0661,9.843,4.724,1.969
2890966,36,Summer Beaver,2426,Roasted Green Chile & Jack Cheese Tamales,1.0009,2.362,7.087,4.331
3087588,898,Summer Beaver,10603,93% Ground Beef,1.0009,1.969,7.087,5.512
3087588,898,Summer Beaver,39428,Peaches Large,0.4409,2.953,2.953,2.953
3321938,786,Summer Beaver,42265,Organic Baby Carrots,1.0009,2.362,5.512,8.661
3321938,786,Summer Beaver,9387,Granny Smith Apples,0.5335,2.953,2.953,3.071
3321938,786,Summer Beaver,22035,Organic Whole String Cheese,0.3704,4.016,5.984,2.008
3321938,786,Summer Beaver,33120,Organic Egg Whites,1.0,2.559,2.559,6.299
3321938,786,Summer Beaver,49683,Cucumber Kirby,0.5512,7.874,1.969,1.969
3321938,786,Summer Beaver,23236,Chopped Spinach,0.625,1.35,5.5,4.22
3321938,786,Summer Beaver,28934,Frozen Broccoli Florets,0.7496,1.969,7.874,11.024
3321938,786,Summer Beaver,47626,Large Lemon,0.3086,3.15,2.953,2.953
3321938,786,Summer Beaver,14870,Icelandic Style Fat Free Plain Yogurt,1.9996,3.543,5.512,2.756
3321938,786,Summer Beaver,13629,Organic Snipped Green Beans,0.7496,1.969,5.906,9.055
182342,478,Summer Beaver,30064,Double Acting Baking Powder,0.625,2.559,2.559,5.709
182342,478,Summer Beaver,46473,Pure Vanilla Extract,0.0617,0.909,1.78,3.882
182342,478,Summer Beaver,49417,Organic Ground Cinnamon,0.1187,2.756,1.772,4.921
182342,478,Summer Beaver,40490,Frozen Breaded Bagged Chicken Nuggets,1.9996,2.756,9.843,11.811
182342,478,Summer Beaver,43662,"Yogurt, Strained Low-Fat, Coconut",0.3307,3.15,3.15,2.362
182342,478,Summer Beaver,19057,Organic Large Extra Fancy Fuji Apple,0.5335,3.543,3.543,3.543
182342,478,Summer Beaver,42183,Super Antioxidant Green Tea,0.07,2.165,2.756,4.528
182342,478,Summer Beaver,4091,Kosher Whole Dill Pickles,1.9996,3.346,3.346,6.102
352379,172,Summer Beaver,23723,Traditional Chickarina Chicken Soup with Meatballs,0.937,2.559,3.15,4.331
445784,282,Summer Beaver,46175,Half Baked® Ice Cream,1.0428,6.496,3.937,3.937
445784,282,Summer Beaver,26634,"Cookies, Chocolate Chip Walnut",0.4687,3.0,4.748,8.5
445784,282,Summer Beaver,32580,Salted Almond Milk Chocolate Bar,0.1874,0.709,3.15,6.693
445784,282,Summer Beaver,1039,Free & Clear Unscented Refill Value Packs Baby Wipes,7.4957,11.811,9.055,7.48
445784,282,Summer Beaver,10725,Patchouli Incense Sticks With Natural Essential Oils,0.0551,0.787,2.362,9.843
445784,282,Summer Beaver,35649,Alkalized Water,2.2046,3.15,3.15,12.205
614915,147,Summer Beaver,38656,Gluten Free Peanut Butter Dark Chocolate Chewy With a Crunch Granola Bars,0.3748,0.984,5.512,7.48
614915,147,Summer Beaver,45603,Trilogy Kombucha Drink,1.0428,2.559,2.559,9.449
614915,147,Summer Beaver,2390,Pita Crisps Simply Naked,0.3748,9.055,7.087,3.15
1056167,258,Summer Beaver,34,Peanut Butter Cereal,0.5625,2.949,7.098,10.0
1056167,258,Summer Beaver,8859,Natural Spring Water,3.3069,3.346,3.346,12.205
1056167,258,Summer Beaver,20574,Roasted Turkey,0.5004,1.181,5.906,7.874
1056167,258,Summer Beaver,11452,Honey Dijon Potato Chips,0.485,2.953,7.874,11.811
1056167,258,Summer Beaver,8193,Russet Potato,0.3263,3.937,2.756,2.362
1118774,436,Summer Beaver,11331,Deluxe Mixed Nuts,1.0,8.661,6.299,11.024
1118774,436,Summer Beaver,38817,Sugarfree,1.0803,2.598,2.598,6.614
1118774,436,Summer Beaver,28491,Butter Candies,0.4365,1.575,5.512,7.874
1187899,1,Summer Beaver,196,Soda,4.4092,4.331,4.331,12.598
1187899,1,Summer Beaver,25133,Organic String Cheese,1.4991,2.756,5.512,9.449
1187899,1,Summer Beaver,26405,XL Pick-A-Size Paper Towel Rolls,3.3069,21.654,11.024,5.118
1187899,1,Summer Beaver,39657,Milk Chocolate Almonds,0.5,1.772,4.724,7.087
1187899,1,Summer Beaver,10258,Pistachios,1.0009,2.165,5.512,9.055
1187899,1,Summer Beaver,13032,Cinnamon Toast Crunch,1.05,2.402,7.701,11.85
1187899,1,Summer Beaver,26088,Aged White Cheddar Popcorn,0.275,3.5,8.201,14.5
1187899,1,Summer Beaver,27845,Organic Whole Milk,4.2108,3.748,3.748,9.5
1187899,1,Summer Beaver,49235,Organic Half & Half,2.1275,2.756,3.937,9.252
1187899,1,Summer Beaver,46149,Zero Calorie Cola,4.3651,3.937,3.937,12.205
1243269,645,Summer Beaver,46280,Light & Fit Greek Blueberry Greek Yogurt,0.3307,2.953,2.953,2.362
1243269,645,Summer Beaver,34668,Organic Large Grade AA Omega-3 Eggs,1.4991,11.811,4.134,2.953
1243269,645,Summer Beaver,35163,Red Leaf Lettuce,0.3748,11.024,9.055,4.724
1363964,414,Summer Beaver,10246,Organic Celery Hearts,1.0009,3.937,5.906,9.449
1363964,414,Summer Beaver,43421,"Little Yums Spinach, Apple, and Kale Teething Wafers",0.0926,5.512,3.15,8.268
1363964,414,Summer Beaver,17170,Little Yums Pumpkin and Banana Teething Wafers,0.0926,1.969,5.906,7.874
1631174,275,Summer Beaver,27845,Organic Whole Milk,4.2108,3.748,3.748,9.5
1631174,275,Summer Beaver,35951,Organic Unsweetened Almond Milk,4.1667,2.559,3.74,8.858
1631174,275,Summer Beaver,41177,Sea Salt Roasted Seaweed,0.0331,0.591,5.118,7.48
1631174,275,Summer Beaver,47626,Large Lemon,0.3086,3.15,2.953,2.953
1631174,275,Summer Beaver,49683,Cucumber Kirby,0.5512,7.874,1.969,1.969
1631174,275,Summer Beaver,17454,Organic 90% Ground Beef,1.0009,7.48,5.118,1.969
1631174,275,Summer Beaver,21344,Multigrain Sandwich Bread,1.4991,5.512,4.724,9.843
1631174,275,Summer Beaver,33741,Gluten Free Classic Hamburger Buns,0.7496,6.102,6.102,4.724
1631174,275,Summer Beaver,48679,Organic Garnet Sweet Potato (Yam),0.2866,5.0,2.0,2.0
1631174,275,Summer Beaver,16185,Sharp Cheddar Cheese,0.5,3.937,2.756,1.181
1631174,275,Summer Beaver,18370,Organic Shredded Mozzarella,0.5004,7.087,2.165,9.055
1631174,275,Summer Beaver,7948,Organic Unsalted Butter,1.0009,4.724,2.953,2.362
1701059,273,Summer Beaver,11233,100% Whole Wheat Pre-Sliced Sandwich Thins,0.7496,3.937,5.906,2.756
1701059,273,Summer Beaver,38558,Organic Low Fat Cottage Cheese,1.0009,5.906,4.331,2.756
1701059,273,Summer Beaver,9874,Organic Greek Yogurt Honey,0.3307,3.15,3.15,2.362
1701059,273,Summer Beaver,6187,Raisin Bran Cereal,1.1688,2.598,7.65,11.402
1701059,273,Summer Beaver,44156,Strawberry on the Bottom Nonfat Greek Yogurt,0.3312,3.74,3.74,2.26
1701059,273,Summer Beaver,43279,Non-Fat Greek Yogurt With Strawberries on the Bottom,0.3307,2.953,2.953,2.362
1701059,273,Summer Beaver,33548,Peach on the Bottom Nonfat Greek Yogurt,0.3312,3.74,3.74,2.26
1701059,273,Summer Beaver,17872,Total 2% Lowfat Plain Greek Yogurt,0.3312,3.74,3.74,2.26
1701059,273,Summer Beaver,32271,Original Applesauce,3.0,4.331,4.331,7.874
1701059,273,Summer Beaver,34229,Petite Peas,1.0009,2.559,6.299,9.055
1701059,273,Summer Beaver,2698,Hazelnut K Cups,0.2425,3.346,5.315,5.512
1732398,959,Summer Beaver,13951,Mixed Fruit Snacks,0.5,1.748,5.748,7.5
1732398,959,Summer Beaver,19894,Enlightened Organic Raw Kombucha,1.0428,2.756,2.756,8.661
1732398,959,Summer Beaver,9741,Cheese Pizza,0.8125,11.417,8.858,1.772
1732398,959,Summer Beaver,47626,Large Lemon,0.3086,3.15,2.953,2.953
1732398,959,Summer Beaver,34217,Pesto Tortellini  Bowls,0.6239,7.48,6.299,2.165
1732398,959,Summer Beaver,2559,Crisp Apple Sparkling Water,1.1089,2.598,2.598,8.071
1732398,959,Summer Beaver,27275,Pineapple Strawberry Sparkling Water,9.3762,8.465,11.024,6.496
1909121,5,Summer Beaver,43693,Whole Vitamin D Milk,4.299,4.098,4.098,9.402
1909121,5,Summer Beaver,6808,Organic Spinach & Cheese Tortellini,0.7496,1.969,6.299,8.661
1909121,5,Summer Beaver,24535,Plain Whole Milk Yogurt,2.0,4.559,4.559,5.35
1909121,5,Summer Beaver,11777,Red Raspberries,0.75,7.087,4.724,1.969
1909121,5,Summer Beaver,21616,Organic Baby Arugula,0.3125,1.969,5.906,7.874
1909121,5,Summer Beaver,18761,Balsamic Vinegar Of Modena,1.1023,2.362,2.362,10.63
1909121,5,Summer Beaver,26604,Organic Blackberries,0.3748,4.921,4.921,2.559
1909121,5,Summer Beaver,13870,Lightly Salted Baked Snap Pea Crisps,0.2491,7.087,4.724,1.969
1909121,5,Summer Beaver,13988,Snow Peas,0.5004,1.969,5.906,9.055
2026077,768,Summer Beaver,20995,Organic Broccoli Florets,0.5625,1.969,6.299,9.055
2026077,768,Summer Beaver,35199,100% Apple Juice,0.3902,2.15,2.15,7.15
2026077,768,Summer Beaver,8277,Apple Honeycrisp Organic,0.5335,3.346,3.346,3.268
2026077,768,Summer Beaver,25659,Organic Coconut Milk,3.1747,4.5,4.5,10.252
2026077,768,Summer Beaver,44643,Gallon Freezer Bags,0.5291,2.559,4.921,9.449
2026077,768,Summer Beaver,21903,Organic Baby Spinach,0.3125,3.0,7.799,10.0
2203961,357,Summer Beaver,19057,Organic Large Extra Fancy Fuji Apple,0.5335,3.543,3.543,3.543
2203961,357,Summer Beaver,432,Vanilla Almond Breeze Almond Milk,4.2329,2.559,3.937,8.268
2203961,357,Summer Beaver,47209,Organic Hass Avocado,0.3307,3.937,2.953,2.953
2203961,357,Summer Beaver,5077,100% Whole Wheat Bread,1.5,11.417,5.512,4.724
2203961,357,Summer Beaver,44359,Organic Small Bunch Celery,0.7496,3.937,7.087,11.811
2203961,357,Summer Beaver,8174,Organic Navel Orange,0.3395,3.937,3.15,3.15
2203961,357,Summer Beaver,18918,Organic Chopped Spinach,0.6239,1.575,7.087,9.055
2203961,357,Summer Beaver,25043,Instant Oatmeal Variety Pack,0.875,7.48,5.512,2.362
2203961,357,Summer Beaver,26369,Organic Roma Tomato,0.2205,2.953,1.969,1.969
2203961,357,Summer Beaver,35734,Whole Chia Seeds,0.7496,3.937,2.756,7.087
2203961,357,Summer Beaver,31927,Four Cheese Pasta Sauce,1.5,3.299,3.299,5.311
2203961,357,Summer Beaver,34126,Organic Italian Parsley Bunch,0.1323,9.843,5.906,2.362
2203961,357,Summer Beaver,20995,Organic Broccoli Florets,0.5625,1.969,6.299,9.055
2203961,357,Summer Beaver,34005,Black Seedless Grapes,1.4991,7.087,5.118,3.937
2203961,357,Summer Beaver,17794,Carrots,0.172,7.0,1.252,1.252
2261410,823,Summer Beaver,21292,Rainbow Bell Peppers,1.9996,9.843,7.874,3.937
2261410,823,Summer Beaver,5985,Red Bell Peppers,1.4991,7.087,5.906,3.15
2261410,823,Summer Beaver,8571,Baby Cucumbers,0.5,1.969,5.906,7.874
2261410,823,Summer Beaver,32689,Romaine Hearts,1.1244,5.906,3.937,11.811
2434671,510,Summer Beaver,4978,Pull-Ups Training Pants Learning Designs,1.5432,9.449,7.087,4.724
2434671,510,Summer Beaver,46752,Platinum Wide Mouth Pint Jars,3.9683,6.693,6.693,7.087
2434671,510,Summer Beaver,42562,Low fat Chocolate Milk,2.0856,2.559,2.559,8.071
2434671,510,Summer Beaver,397,Pure Granulated Cane Sugar,3.9904,10.63,4.331,2.756
2434671,510,Summer Beaver,18523,Total 2% All Natural Greek Strained Yogurt with Honey,0.3307,3.15,3.15,2.362
2434671,510,Summer Beaver,43632,GoGurt Strawberry and Blueberry Tubes,1.2346,1.969,5.709,8.268
2434671,510,Summer Beaver,38200,Apple Juice,4.2329,3.346,3.346,10.236
3328590,740,Summer Beaver,17323,Turkey Skinless Smoked Sausage,0.7496,2.165,5.512,7.874
3328590,740,Summer Beaver,35365,Naturally Hickory Smoked Hometown Original Bacon,1.0009,2.362,5.906,9.843
3328590,740,Summer Beaver,47163,Caramel Macchiato Gourmet Coffee Creamer,2.0944,3.15,3.937,9.449
3328590,740,Summer Beaver,373,Honey Glazed Carrots,0.5,2.165,7.48,5.906
3328590,740,Summer Beaver,1509,"Nibblers, Mini-Ears of Extra Sweet Corn-on-the-Cob",0.7496,1.575,7.874,6.693
3328590,740,Summer Beaver,40376,Steamfresh Sweet Peas,0.6239,7.874,6.299,1.181
3328590,740,Summer Beaver,29172,Keurig Vanilla Biscotti Coffee K Cups,0.2116,5.512,4.724,3.937
3328590,740,Summer Beaver,36276,Chocolate Vanilla Pudding,1.1244,3.15,6.299,2.756
3328590,740,Summer Beaver,30696,Eggo Homestyle Waffles,0.7694,11.811,7.874,1.969
3328590,740,Summer Beaver,37376,Grands! Homestyle Buttermilk Biscuits,1.0207,3.15,3.15,9.055
3328590,740,Summer Beaver,28459,Golden Grahams Cereal,1.725,2.756,8.268,12.205
3328590,740,Summer Beaver,22695,Steamfresh Super Sweet Corn,0.7496,1.772,6.496,8.268
3328590,740,Summer Beaver,45064,Honey Wheat Bread,1.25,5.118,5.118,11.024
3328590,740,Summer Beaver,27243,Premium Pure Cane Granulated Sugar,0.9987,2.756,4.134,7.874
3328590,740,Summer Beaver,4317,Solid White Albacore Tuna In Water,0.3125,3.358,3.358,1.339
3328590,740,Summer Beaver,46706,Goober Grape Peanut Butter and Jelly Spread,1.1244,3.15,3.543,6.693
3328590,740,Summer Beaver,32478,Reduced Fat 2% Milk,2.0856,2.756,3.74,9.449
3328590,740,Summer Beaver,26040,"Deli Fresh Honey Ham, 97% Fat Free, Gluten Free",0.5004,1.496,5.906,7.874
3328590,740,Summer Beaver,25539,Muenster Cheese Slices,0.5,3.15,5.906,1.969
3328590,740,Summer Beaver,33280,Homestyle Sweet Pickle Relish,1.25,2.559,2.559,5.512
3328590,740,Summer Beaver,19468,Classic Yellow Mustard,0.875,2.0,3.299,7.0
3328590,740,Summer Beaver,8638,Vanilla Milk Chocolate Almond Ice Cream Bars,0.8995,2.362,7.48,5.512
17240,911,Summer Beaver,45143,Organic Fillo Dough,1.0009,1.969,9.055,12.205
17240,911,Summer Beaver,3880,Corn Maize Tortillas,0.7496,9.449,7.874,1.772
17240,911,Summer Beaver,27845,Organic Whole Milk,4.2108,3.748,3.748,9.5
17240,911,Summer Beaver,43394,Organic Lactose Free Whole Milk,4.1667,2.953,3.74,9.449
17240,911,Summer Beaver,40199,Chocolate Chip Cookies,0.75,2.756,7.874,10.236
17240,911,Summer Beaver,16759,Organic Carrot Bunch,1.0009,3.937,3.937,9.843
17240,911,Summer Beaver,31572,Blends Lowfat Strawberry Yogurt 2% Milkfat,0.375,2.598,2.598,3.5
17240,911,Summer Beaver,35921,Organic Large Grade A Brown Eggs,1.3228,11.811,4.134,2.756
17240,911,Summer Beaver,26209,Limes,0.1477,2.165,2.165,1.969
17240,911,Summer Beaver,40593,Cream Cheese,0.5,2.362,3.937,4.134
17240,911,Summer Beaver,20323,Strained Tomatoes,1.4991,3.15,3.15,8.268
17240,911,Summer Beaver,16460,Organic Buttery Rich Classics,0.5004,2.362,7.087,5.512
17240,911,Summer Beaver,2228,Organic Frozen Mango Chunks,1.0,7.48,5.512,1.969
168186,781,Summer Beaver,29935,White Paper 8-12 Cups Basket Coffee Filters,0.1874,2.008,5.236,9.409
168186,781,Summer Beaver,43812,French Vanilla Powder Coffee Creamer,0.937,3.937,3.937,5.906
212184,673,Summer Beaver,31372,Dark Brown Sugar,2.0,3.15,5.512,8.661
212184,673,Summer Beaver,23405,Pure Baking Soda,1.0009,7.48,4.921,2.165
212184,673,Summer Beaver,21246,Mild Enchilada Sauce,0.937,2.165,2.953,4.331
212184,673,Summer Beaver,23962,Lactose Free Reduced Fat 2% Milk,8.598,3.937,3.937,10.827
212184,673,Summer Beaver,21137,Organic Strawberries,1.0,7.48,4.528,3.071
212184,673,Summer Beaver,33745,Oats and Honey Protein Crunchy Granola,0.7496,2.992,7.48,11.024
212184,673,Summer Beaver,5818,White Onion,0.3263,2.953,2.953,3.15
212184,673,Summer Beaver,47324,8 Sesame Seed Hamburger Buns,1.0009,9.055,7.087,5.906
212184,673,Summer Beaver,21131,Lemon-Lime Fridge Pack Soda,9.3696,7.874,10.236,6.693
212184,673,Summer Beaver,20738,Plain Bagels,1.125,9.843,7.874,3.937
212184,673,Summer Beaver,29553,Super Soft Taco Flour Tortillas,0.6239,9.055,7.087,1.969
212184,673,Summer Beaver,47747,Casero Queso Fresco Cheese,0.4982,3.937,3.937,1.969
212184,673,Summer Beaver,4006,Hazelnut Spread With Skim Milk & Cocoa,1.6557,3.268,4.882,7.087
668415,763,Summer Beaver,33279,Low Sodium Bacon,1.0009,8.661,5.906,1.969
668415,763,Summer Beaver,23537,Light Brown Sugar,2.0,3.937,2.756,8.661
1032490,531,Summer Beaver,40236,Diet Cherry Coke,9.3696,8.425,11.26,5.63
1032490,531,Summer Beaver,13911,Lager,4.7399,5.315,8.071,5.315
1032490,531,Summer Beaver,21394,Light Imported Beer From Mexico,4.6958,6.102,8.071,9.252
1032490,531,Summer Beaver,37646,Organic Gala Apples,0.5335,3.346,3.346,3.15
1157843,805,Summer Beaver,21903,Organic Baby Spinach,0.3125,3.0,7.799,10.0
1157843,805,Summer Beaver,22106,Organic Low Sodium Beef Flavored Broth,2.0856,2.559,2.559,7.48
1157843,805,Summer Beaver,13635,Uncured Hickory Smoked Pepper Bacon,0.7496,7.874,6.299,1.575
1157843,805,Summer Beaver,21616,Organic Baby Arugula,0.3125,1.969,5.906,7.874
1157843,805,Summer Beaver,30918,Whole Chicken,4.6,9.449,7.48,5.906
1157843,805,Summer Beaver,34243,Organic Baby Broccoli,0.5004,1.969,6.299,9.055
1157843,805,Summer Beaver,27521,Organic Lacinato (Dinosaur) Kale,0.4409,11.811,7.874,3.15
1157843,805,Summer Beaver,12903,Filberts,0.5004,7.087,1.969,9.843
1157843,805,Summer Beaver,43961,Organic Peeled Whole Baby Carrots,1.0009,2.362,5.512,7.874
1157843,805,Summer Beaver,11776,Baked Sea Salt & Vinegar Potato Chips,0.5004,8.268,5.906,2.756
1211009,611,Summer Beaver,33671,100% Pineapple Juice,2.7514,4.402,6.402,4.0
1211009,611,Summer Beaver,40214,90 Calorie Chocolate Fudge Brownies,0.4365,1.969,5.512,7.48
1211009,611,Summer Beaver,44187,Protein Caramel Nut Chewy Bars,0.3968,1.969,5.512,7.874
1211009,611,Summer Beaver,47144,Unsweetened Original Almond Breeze Almond Milk,4.1888,2.953,3.74,8.071
1211009,611,Summer Beaver,1032,Fat Free Crumbled Feta,0.375,5.906,3.937,2.362
1211009,611,Summer Beaver,19516,Velveeta Original Cheese,1.0009,7.48,3.543,3.543
1558843,377,Summer Beaver,15042,Traditional Italian-Style Wedding Soup,1.1596,2.559,3.937,4.528
1558843,377,Summer Beaver,44925,Natural Provolone Cheese Slices,0.7496,3.15,7.874,5.906
1558843,377,Summer Beaver,23785,Baby Kale Mix,0.3131,3.15,7.087,9.843
1558843,377,Summer Beaver,11422,Plain Greek Yogurt,2.0,5.512,5.512,3.937
1558843,377,Summer Beaver,49269,13 Gallon Drawstring Tall Kitchen Bags,0.7496,2.362,5.512,9.449
1582121,270,Summer Beaver,3298,Mozzarella String Cheese,0.75,5.906,2.756,9.055
1582121,270,Summer Beaver,38768,Sweet Kale Salad Mix,0.6239,9.843,7.087,1.969
1582121,270,Summer Beaver,25938,Peru Sweet Onions,0.3968,3.15,3.15,3.543
1977647,138,Summer Beaver,1,Chocolate Sandwich Cookies,0.7363,1.882,7.642,4.339
1977647,138,Summer Beaver,22046,Frozen Whole Strawberries,2.0,2.992,7.52,10.984
1977647,138,Summer Beaver,6184,Clementines,3.0005,9.843,7.087,3.937
1977647,138,Summer Beaver,33147,Organic Crimini Mushrooms,0.5004,7.087,5.118,1.969
2009386,710,Summer Beaver,26940,Organic Large Green Asparagus,1.0009,11.024,3.937,1.969
2009386,710,Summer Beaver,42557,Crunchy Almond Butter,1.0,3.15,3.543,4.724
2009386,710,Summer Beaver,37646,Organic Gala Apples,0.5335,3.346,3.346,3.15
2009386,710,Summer Beaver,21903,Organic Baby Spinach,0.3125,3.0,7.799,10.0
2009386,710,Summer Beaver,5449,Margherita Pizza,1.1875,11.811,11.811,1.969
2009386,710,Summer Beaver,6669,Breakfast Scramble Wrap,0.5004,7.087,5.118,1.575
2427600,267,Summer Beaver,32538,Chunk Light Tuna,0.3125,3.299,3.299,1.35
2427600,267,Summer Beaver,14280,Wieners,1.0009,8.661,5.906,1.772
2427600,267,Summer Beaver,32573,Pretzel Sticks,0.8818,3.543,7.087,11.417
2427600,267,Summer Beaver,26604,Organic Blackberries,0.3748,4.921,4.921,2.559
2427600,267,Summer Beaver,9007,Frosted Flakes,0.9375,2.953,7.48,11.614
2427600,267,Summer Beaver,32235,No Caffeine Lemon Lime Soda,1.3029,2.559,2.559,9.252
2427600,267,Summer Beaver,6046,Boneless Skinless Chicken Breast,2.5,9.843,7.087,2.362
2427600,267,Summer Beaver,40232,Boneless Pork Loin Chops,1.0009,7.874,5.906,1.575
2427600,267,Summer Beaver,20896,C&W Frozen Petite Sweet Corn,1.0009,7.087,5.118,1.772
2427600,267,Summer Beaver,12565,Family Pack Beef & Bean Chimichangas,1.9996,8.661,7.48,2.362
2427600,267,Summer Beaver,45054,Combination Party Pizza,1.4991,12.205,12.205,1.969
2427600,267,Summer Beaver,39581,French Vanilla Creamer,2.1275,3.551,3.551,9.709
2427600,267,Summer Beaver,16376,Chicken & Cheese Taquitos,3.0,12.598,8.661,3.543
2427600,267,Summer Beaver,1181,Mini Watermelon,3.9683,7.874,7.874,7.087
2427600,267,Summer Beaver,10108,Artisan Sausage Pineapple Uncured Bacon Hardwood Smoked with Vermont Maple Syrup,1.0009,2.756,7.087,4.724
2427600,267,Summer Beaver,12911,"Liquid Laundry Detergent, Original scent",6.8453,5.512,3.937,11.811
2427600,267,Summer Beaver,7644,Scoops! Tortilla Chips,0.6239,3.15,7.874,11.811
2427600,267,Summer Beaver,3634,Krinkle Cut Classic Barbecue Potato Chips,0.5004,3.15,7.087,11.417
2427600,267,Summer Beaver,10573,Chunky Mild Salsa,1.5,3.15,3.15,5.512
2427600,267,Summer Beaver,2038,Green Tea with Ginseng and Honey,1.4375,2.748,2.748,7.252
2427600,267,Summer Beaver,31564,Crackers,0.5622,7.874,2.756,1.969
2427600,267,Summer Beaver,40310,Oven Roasted Turkey Breast,1.0,2.299,7.701,5.5
2542037,740,Summer Beaver,14576,Delights Turkey Sausage Egg Whites & Cheese English Muffin,0.3748,2.756,5.118,7.087
2542037,740,Summer Beaver,21615,Pineapple on the Bottom Low-Fat Greek Yogurt,0.3307,2.165,2.953,2.362
2542037,740,Summer Beaver,33237,Classic Five Cheese Lasagna,0.6239,7.874,5.906,2.165
2542037,740,Summer Beaver,29695,Craveables Chicken Club Panini,0.5004,1.575,6.102,7.874
2542037,740,Summer Beaver,21243,Simple Favorites Chicken Fettuccini Frozen Entree,0.6239,1.575,6.496,8.268
2542037,740,Summer Beaver,46844,Simple Favorites Lasagna with Meat Sauce,0.657,7.48,1.969,5.512
2542037,740,Summer Beaver,1509,"Nibblers, Mini-Ears of Extra Sweet Corn-on-the-Cob",0.7496,1.575,7.874,6.693
2542037,740,Summer Beaver,38155,Strawberry Sorbet With Milk Chocolate Bar,0.2183,4.331,1.772,1.378
2542037,740,Summer Beaver,40354,California Clementines,1.9996,9.843,7.087,3.937
2542037,740,Summer Beaver,32689,Romaine Hearts,1.1244,5.906,3.937,11.811
2542037,740,Summer Beaver,43791,Sliced Pineapple in Juice,1.25,2.559,4.134,4.528
2866114,268,Summer Beaver,13328,Original Veggie Breakfast Sausage Patties,0.5004,2.165,7.874,5.906
2866114,268,Summer Beaver,11599,Clean Day Liquid Hand Soap Refill Basil Scent,2.0856,2.756,5.118,9.449
2866114,268,Summer Beaver,5098,Golden Brown Pure Cane Sugar,3.9992,9.449,5.512,3.15
2866114,268,Summer Beaver,11837,Pure Dark Brown Cane Sugar,2.0,3.937,2.756,8.268
2866114,268,Summer Beaver,311,Naturals Savory Turkey Breakfast Sausage,1.0009,2.362,7.874,5.906
2866114,268,Summer Beaver,27275,Pineapple Strawberry Sparkling Water,9.3762,8.465,11.024,6.496
2866114,268,Summer Beaver,33966,No Stick Baking Spray,0.3748,2.559,2.559,9.252
2866114,268,Summer Beaver,48697,Canola Oil,0.3748,1.969,1.969,7.087
2866114,268,Summer Beaver,29397,Chickpeas! Penne Pasta,1.0009,2.362,5.512,8.268
3391088,797,Summer Beaver,36885,Rose,1.5873,2.953,2.953,12.402
3391088,797,Summer Beaver,37923,Prosecco Sparkling Wine,1.6535,3.346,3.346,12.598
3391088,797,Summer Beaver,40815,"Hot (101305, 101352) Italian Sausage",1.0009,3.15,7.874,1.969
3391088,797,Summer Beaver,12496,Radish,1.0009,5.906,3.937,2.362
3391088,797,Summer Beaver,39922,Celery Sticks,1.25,4.016,5.984,2.008
3391088,797,Summer Beaver,41357,Gh Party Favorite Jicama Sticks,0.7496,6.693,4.724,2.362
263656,753,Webequie,18599,Garlic Couscous,0.3748,1.969,5.118,7.874
263656,753,Webequie,24102,Bold Salt 'n Vinegar Almonds,0.3748,2.756,5.906,8.268
263656,753,Webequie,41198,Classic Peanut Butter,1.0,3.0,3.0,4.902
263656,753,Webequie,10246,Organic Celery Hearts,1.0009,3.937,5.906,9.449
263656,753,Webequie,38291,Traditional Crumbled Feta Cheese,0.5004,3.937,2.953,1.969
263656,753,Webequie,34126,Organic Italian Parsley Bunch,0.1323,9.843,5.906,2.362
263656,753,Webequie,33768,Sinfully Sweet Campari Tomatoes,1.4991,5.984,5.984,3.504
263656,753,Webequie,15969,Solid White Albacore Premium Tuna in Water,0.3131,4.134,2.953,1.378
263656,753,Webequie,44142,Red Onion,0.3263,3.15,3.15,2.953
263656,753,Webequie,48199,Buffalo Wings,0.5004,7.087,5.906,1.969
263656,753,Webequie,28441,Chick'n Nuggets,1.0009,2.362,7.874,10.236
263656,753,Webequie,47626,Large Lemon,0.3086,3.15,2.953,2.953
263656,753,Webequie,10305,Black Plum,0.1664,2.559,2.559,2.165
263656,753,Webequie,43218,Pure Kosher Dills,1.4991,3.15,3.15,5.906
263656,753,Webequie,45763,Mini Seedless Cucumbers,1.0009,7.874,5.906,2.362
263656,753,Webequie,47792,Organic Beans & Rice Cheddar Cheese Burrito,0.3748,1.969,5.906,7.874
263656,753,Webequie,48655,Cheddar Cheese Pretzels Pieces,0.5004,2.362,5.906,9.055
384445,455,Webequie,43295,Unsweetened Vanilla Almond Milk,4.2108,3.543,2.362,9.055
384445,455,Webequie,11777,Red Raspberries,0.75,7.087,4.724,1.969
384445,455,Webequie,25138,Organic Plain Greek Whole Milk Yogurt,0.3312,3.74,3.74,2.26
384445,455,Webequie,30169,Total 2% All Natural Plain Greek Yogurt,0.3312,3.74,3.74,2.26
384445,455,Webequie,26369,Organic Roma Tomato,0.2205,2.953,1.969,1.969
384445,455,Webequie,24964,Organic Garlic,0.0992,2.165,2.165,2.362
881797,223,Webequie,21137,Organic Strawberries,1.0,7.48,4.528,3.071
881797,223,Webequie,9076,Blueberries,0.7496,6.299,2.165,8.661
881797,223,Webequie,16479,"Fruit Spread, Deluxe, Strawberry",1.1244,2.953,2.953,4.331
881797,223,Webequie,45066,Honeycrisp Apple,0.5335,3.543,3.543,3.543
881797,223,Webequie,22825,Organic D'Anjou Pears,0.366,3.937,2.756,2.756
881797,223,Webequie,7781,Organic Sticks Low Moisture Part Skim Mozzarella String Cheese,0.7408,2.756,6.299,8.661
881797,223,Webequie,11090,Organic Fat Free Cottage Cheese,1.0009,4.252,4.252,2.52
881797,223,Webequie,22963,Organic Roasted Turkey Breast,0.7496,1.969,5.512,7.874
881797,223,Webequie,5250,Blueberry Muffin Bar,0.1124,5.512,1.969,0.984
881797,223,Webequie,38303,Almond Paleo Bread Non GMO Gluten Free,1.0009,7.874,4.331,3.543
881797,223,Webequie,14778,Organic Chocolate Chip Chewy Granola Bars,0.33,1.598,5.5,5.701
912245,584,Webequie,24518,Gluten Free Lemonzest Nutrition bar,0.0882,0.787,2.953,6.102
912245,584,Webequie,11777,Red Raspberries,0.75,7.087,4.724,1.969
912245,584,Webequie,17027,Avocado Roll,0.3748,4.331,4.331,1.969
912245,584,Webequie,27521,Organic Lacinato (Dinosaur) Kale,0.4409,11.811,7.874,3.15
912245,584,Webequie,10565,Mellow White Miso,0.875,3.543,4.528,2.756
912245,584,Webequie,11941,"Tortillas, Corn, Organic",0.5625,3.15,6.299,9.055
912245,584,Webequie,40396,Guacamole,1.0009,4.331,6.102,2.165
1125052,647,Webequie,3952,Organic Broccoli Crowns,1.0009,9.843,5.906,3.15
1125052,647,Webequie,27750,Sour Batard,0.9921,11.024,5.118,3.543
1275807,472,Webequie,27714,Gummy Bears,0.5,5.906,1.969,9.055
1297129,302,Webequie,38777,Organic Green Seedless Grapes,2.2046,9.055,6.299,4.331
1297129,302,Webequie,24221,Organic Red Grapes,1.0009,7.087,5.118,3.15
1297129,302,Webequie,32570,Black Pepper Snapea Crisps,0.2491,2.756,7.087,10.236
1297129,302,Webequie,41917,Roasted Salted Pistachios,1.0009,2.756,1.969,9.055
1297129,302,Webequie,30994,Talenti Double Dark Chocolate Gelato,1.0428,4.016,4.016,7.008
1518188,557,Webequie,11182,Baby Spinach,0.3125,3.0,7.799,10.0
1518188,557,Webequie,2934,Butternut Squash and Sage Ravioli,0.5625,2.165,7.087,9.843
1518188,557,Webequie,19019,Uncured Slow Cooked Ham,0.6562,1.575,6.299,9.055
1518188,557,Webequie,32465,Sliced White Mushrooms,0.5,5.906,3.937,1.969
1518188,557,Webequie,39719,"Freshly Made. Filled with Creamy Ricotta, Aged Parmesan and Romano Cheeses Three Cheese Tortellini",0.5622,1.969,5.906,7.874
1518188,557,Webequie,32632,Select Vitamin D Milk,8.576,6.693,4.134,12.598
1518188,557,Webequie,43742,White Kidney Reduced Sodium Cannellini Beans,0.9678,2.677,2.677,4.331
1518188,557,Webequie,7736,Premium Original Saltine Crackers,0.5,5.984,2.52,8.504
1518188,557,Webequie,1433,Jumbo Lump Crab Meat,0.3748,2.559,2.559,3.346
1518188,557,Webequie,21925,50/50 Mix Spring Mix and Baby Spinach Salad Blend,0.3131,7.48,6.299,2.756
1518188,557,Webequie,5025,Green Onions,0.2491,11.811,1.969,1.969
1518188,557,Webequie,12508,Red Bell Pepper,0.3263,3.937,3.937,4.331
1599995,740,Webequie,373,Honey Glazed Carrots,0.5,2.165,7.48,5.906
1599995,740,Webequie,36276,Chocolate Vanilla Pudding,1.1244,3.15,6.299,2.756
1599995,740,Webequie,22695,Steamfresh Super Sweet Corn,0.7496,1.772,6.496,8.268
1599995,740,Webequie,41220,Organic Romaine Lettuce,1.3228,3.15,7.087,11.811
1599995,740,Webequie,37215,100% Cranberry Juice,4.1888,2.953,2.953,10.039
1599995,740,Webequie,10819,Original Craisins,0.75,2.551,6.449,8.051
1599995,740,Webequie,19042,Raspberry Vinaigrette with Poppyseed Dressing,1.0031,2.165,2.756,9.055
1599995,740,Webequie,12845,Chopped Walnuts,0.5004,1.969,4.724,7.874
1599995,740,Webequie,16953,Creamy Peanut Butter,1.0,2.85,2.85,5.0
1599995,740,Webequie,12762,Citrus Iced Green Tea,1.1464,2.283,2.559,8.465
1599995,740,Webequie,12834,Teriyaki Marinade,1.0,2.362,2.362,9.055
1599995,740,Webequie,3996,Diced Pears In Light Syrup Fruit Cups,0.9965,6.102,4.134,2.559
1599995,740,Webequie,29243,in 100% Juice Mixed Fruit,0.937,2.953,2.953,4.331
1599995,740,Webequie,40920,Tropical Fruit in 100% Juice,0.937,2.756,2.756,4.134
1599995,740,Webequie,42372,Pineapple on the Bottom Greek Yogurt,0.3312,3.74,3.74,2.26
1599995,740,Webequie,7533,Low-Fat Strawberry Banana on the Bottom Greek Yogurt,0.3307,2.953,2.953,2.362
1599995,740,Webequie,44156,Strawberry on the Bottom Nonfat Greek Yogurt,0.3312,3.74,3.74,2.26
1599995,740,Webequie,2575,"Delights Chicken Sausage, Egg Whites, & Cheese English Muffin",0.5622,2.756,5.512,7.874
1599995,740,Webequie,15109,Eggo Blueberry Waffles Family Pack,1.4991,2.165,10.433,7.48
1599995,740,Webequie,49424,Cereal Honey Bears,0.7496,2.559,6.102,9.449
1599995,740,Webequie,31683,Original No Pulp 100% Florida Orange Juice,4.0565,3.543,2.953,9.252
1599995,740,Webequie,38664,Peach Iced Tea,2.2046,2.559,2.559,9.449
1599995,740,Webequie,9296,Half & Half Iced Tea & Lemonade,1.1875,2.953,2.953,9.449
1599995,740,Webequie,13194,Chewy Granola Bars Variety Pack,1.1905,2.756,7.874,10.63
1599995,740,Webequie,23005,93% Lean Ground Turkey,1.0,2.165,6.102,9.055
1599995,740,Webequie,19084,Organic Grapefruit,0.679,4.921,4.921,4.921
1599995,740,Webequie,32303,Red Seedless Grapes,1.9996,7.087,5.118,3.543
1601196,827,Webequie,10467,Organic Bernie O's,0.937,2.953,2.953,4.331
1601196,827,Webequie,49241,Organic Original Hot Oatmeal,1.0009,3.15,2.165,7.874
1601196,827,Webequie,3835,"Coconut Water, Pure Organic",2.2267,2.756,2.756,9.055
1601196,827,Webequie,49235,Organic Half & Half,2.1275,2.756,3.937,9.252
1601196,827,Webequie,365,Cheerios Cereal,0.5562,2.142,7.811,11.339
1601196,827,Webequie,37496,Organic Deep Dark Sea Salt Chocolate,0.1874,0.472,3.15,6.693
1601196,827,Webequie,47156,Coconut Almond Unsweetened Creamer Blend,2.0944,2.756,3.937,7.874
1601196,827,Webequie,17706,Organic Whole Grain Wheat English Muffins,0.7496,3.15,5.512,7.874
1601196,827,Webequie,3896,Organic Honey Sweet Whole Wheat Bread,1.4991,4.724,7.087,11.811
1601196,827,Webequie,14211,Baby Food Stage 2 Pumpkin Banana,0.2491,1.772,2.756,4.724
1601196,827,Webequie,35461,Blueberry Beet & Brown Rice Cakes,0.2491,2.165,3.937,6.299
1881925,167,Webequie,12403,Original Mashed Potatoes,0.2491,2.362,4.724,7.874
1881925,167,Webequie,47759,Mandarin Oranges,1.9996,7.087,5.118,3.15
1881925,167,Webequie,38000,Unsweetened Apple Sauce,2.875,3.937,3.937,7.087
1881925,167,Webequie,432,Vanilla Almond Breeze Almond Milk,4.2329,2.559,3.937,8.268
1881925,167,Webequie,27945,"Mozzarella String Cheese Sticks, Light Low-Moisture Part Skim",0.7496,2.362,5.709,8.661
1881925,167,Webequie,4846,Weight Watchers Three Cheese Ziti Marinara,0.5622,7.48,5.512,1.575
1881925,167,Webequie,25713,Smart Ones Anytime Selections Mini Cheeseburger,0.4057,7.48,5.512,1.575
1881925,167,Webequie,12196,Chicken Quesadilla,0.5004,1.575,5.512,7.087
1881925,167,Webequie,36,Traditional Lasagna with Meat Sauce Savory Italian Recipes,0.657,7.48,5.512,1.772
1881925,167,Webequie,2012,Smart Ones Classic Favorites Chicken Enchiladas Suiza,0.5622,7.48,1.772,5.118
1881925,167,Webequie,5072,Dark Chocolate Raspberry Ice Cream Bars,0.7496,7.874,5.512,1.969
2001840,951,Webequie,31102,Sugar Free Energy Drink,1.0428,2.598,2.598,6.614
2001840,951,Webequie,34217,Pesto Tortellini  Bowls,0.6239,7.48,6.299,2.165
2001840,951,Webequie,37131,Tomato Yellow Cherry,1.0009,5.906,3.937,1.969
2001840,951,Webequie,45613,Pad Thai,0.6875,1.772,7.087,9.055
2001840,951,Webequie,40709,Sea Salt & Vinegar Potato Chips,0.1323,3.15,7.087,9.449
2001840,951,Webequie,47866,Jalapeno Potato Chips,0.8125,9.449,7.087,3.15
2001840,951,Webequie,14536,Natural Goodness 33% Less Sodium Chicken Broth,2.0856,2.559,2.559,4.331
2001840,951,Webequie,8385,Sliced Genoa Salami,0.5004,1.181,5.512,7.874
2001840,951,Webequie,40549,Fresh Mint Total Care Anticavity Mouthwash,2.2046,2.756,2.756,9.449
2001840,951,Webequie,24294,Solid White Albacore Tuna in Water,0.3125,3.358,3.358,1.339
2001840,951,Webequie,6046,Boneless Skinless Chicken Breast,2.5,9.843,7.087,2.362
2140521,470,Webequie,1689,15 Grain Whole Grain Bread,1.25,5.512,4.331,7.087
2140521,470,Webequie,33827,Fat Free French Vanilla Creamer,2.0856,2.559,2.559,8.465
2140521,470,Webequie,43263,Crunchy Oats N' Honey Granola Bars,0.463,2.165,6.496,8.268
2140521,470,Webequie,15902,100 Calorie  Per Bag Popcorn,0.6239,5.512,3.937,7.087
2182780,759,Webequie,4724,Broccoli Florettes,0.75,2.362,6.299,9.449
2182780,759,Webequie,12341,Hass Avocados,1.1244,7.874,5.906,3.937
2293270,675,Webequie,24964,Organic Garlic,0.0992,2.165,2.165,2.362
2293270,675,Webequie,45437,Sea Salt Made With Organic Grain Rice Chips,0.3131,3.15,7.874,11.811
2293270,675,Webequie,33489,Organic Peppermint Tea,0.0661,2.953,2.559,3.937
2293270,675,Webequie,5912,Organic Tarragon,0.0309,4.724,3.15,1.181
2293270,675,Webequie,44628,Organic Dijon Mustard,0.75,2.756,2.756,5.512
2293270,675,Webequie,22115,Sonoma Handmade Style Corn Tortillas,0.6614,9.055,7.874,1.575
2293270,675,Webequie,28849,No Salt Added Black Beans,0.9375,2.913,2.913,4.409
2293270,675,Webequie,19415,Roasted Tomato Salsa Serrano-Tomatillo,1.0009,3.15,3.15,4.528
2293270,675,Webequie,5764,Organic SprouTofu Teriyaki Tofu Cutlets,0.6239,1.575,6.299,8.661
2346057,755,Webequie,34664,Total 2% Lowfat Greek Yogurt with Honey,1.9996,3.937,3.937,5.906
2346057,755,Webequie,43279,Non-Fat Greek Yogurt With Strawberries on the Bottom,0.3307,2.953,2.953,2.362
2346057,755,Webequie,3693,Cheese Cracker Sandwiches,0.5004,7.874,5.512,1.969
2346057,755,Webequie,6069,Maple Pumpkin Seeds with Sea Salt Chewy with a Crunch Granola Bars,0.388,7.874,5.906,1.969
2346057,755,Webequie,15269,Natural Medium Cheddar Cheese,0.5,4.724,7.087,1.969
2346057,755,Webequie,46941,Provolone Slices,0.5,1.098,5.35,8.65
2346057,755,Webequie,43352,Raspberries,0.3748,4.921,3.74,1.772
2346057,755,Webequie,8571,Baby Cucumbers,0.5,1.969,5.906,7.874
2346057,755,Webequie,7567,White Meat Chicken Taquitos,1.25,2.559,10.63,7.48
2346057,755,Webequie,34927,Beef Taquitos,1.25,9.449,6.693,2.559
2346057,755,Webequie,19173,Orange Calcium & Vitamin D Pulp Free,3.4172,10.827,3.346,3.346
2497479,699,Webequie,42342,Roasted Turkey Breast,0.5,6.299,4.724,1.575
2497479,699,Webequie,16083,Organic Large Brown Eggs,1.5,12.008,7.992,2.559
2497479,699,Webequie,28058,Gluten Free Sliced Mountain White Bread,1.25,4.724,5.709,7.087
2497479,699,Webequie,20842,Total 0% Greek Yogurt,0.3748,2.992,2.992,2.52
2497479,699,Webequie,19057,Organic Large Extra Fancy Fuji Apple,0.5335,3.543,3.543,3.543
2497479,699,Webequie,31678,Gluten Free Cinnamon Raisin Bread,1.0,3.937,4.724,5.906
2497479,699,Webequie,5456,Green Tea With Ginseng and Honey,1.0538,2.559,2.559,7.874
2497479,699,Webequie,27156,Organic Black Beans,0.9375,2.953,2.953,8.858
2497479,699,Webequie,37067,Organic Banana,0.2778,1.575,1.575,7.874
2497479,699,Webequie,32177,Blood Oranges,0.3395,2.953,2.953,2.953
2497479,699,Webequie,38456,Large Grapefruit,0.6614,5.906,5.906,5.906
2497479,699,Webequie,46979,Asparagus,1.0009,3.937,7.087,11.024
2497479,699,Webequie,41950,Organic Tomato Cluster,1.4991,3.937,7.874,5.906
2497479,699,Webequie,40706,Organic Grape Tomatoes,0.625,2.362,5.709,2.165
2647252,381,Webequie,12872,Penne Rigate,1.0,2.559,4.331,6.689
2647252,381,Webequie,22963,Organic Roasted Turkey Breast,0.7496,1.969,5.512,7.874
2647252,381,Webequie,41950,Organic Tomato Cluster,1.4991,3.937,7.874,5.906
2647252,381,Webequie,28928,Uncured Black Forest Ham,0.4375,0.5,6.89,8.272
2647252,381,Webequie,49247,Coconut Yoghurt,0.3307,3.15,3.15,2.362
2647252,381,Webequie,890,Organic Diced Tomatoes,0.9063,2.874,2.874,4.252
2647252,381,Webequie,39997,Cheese Bread Snacks with Bacon,0.7496,9.055,7.087,1.969
2647252,381,Webequie,35221,Lime Sparkling Water,2.2046,3.15,3.15,10.63
2647252,381,Webequie,39619,Organic Tomato Basil Pasta Sauce,1.5625,2.953,2.953,4.724
2647252,381,Webequie,25659,Organic Coconut Milk,3.1747,4.5,4.5,10.252
2647252,381,Webequie,46667,Organic Ginger Root,0.3748,4.724,2.756,1.575
2647252,381,Webequie,28985,Michigan Organic Kale,0.4409,11.811,7.874,3.15
2647252,381,Webequie,38650,Organic Red Lentils,1.0,2.756,5.512,8.268
2647252,381,Webequie,21267,Sourdough Bread,1.5,3.937,5.906,6.693
2647252,381,Webequie,28849,No Salt Added Black Beans,0.9375,2.913,2.913,4.409
2647252,381,Webequie,49236,80% Lean Ground Beef,1.0,7.087,5.512,1.575
2647252,381,Webequie,21903,Organic Baby Spinach,0.3125,3.0,7.799,10.0
2647252,381,Webequie,14715,Coconut Water,2.2046,2.756,2.756,9.055
2647252,381,Webequie,15995,Organic Cinnamon Apple Sauce,1.5,7.087,2.756,7.087
2647252,381,Webequie,9839,Organic Broccoli,0.9921,5.906,5.906,4.724
2647252,381,Webequie,22935,Organic Yellow Onion,0.3263,3.15,3.15,3.15
2647252,381,Webequie,43210,Rolled Oats,1.1244,9.449,6.299,3.15
2647252,381,Webequie,21137,Organic Strawberries,1.0,7.48,4.528,3.071
2647252,381,Webequie,30391,Organic Cucumber,0.6548,1.772,2.559,7.874
2647252,381,Webequie,24184,Red Peppers,0.3968,3.937,3.15,3.15
2716894,96,Webequie,14650,Vanilla Whey Protein Powder,1.9996,5.512,5.512,9.843
2716894,96,Webequie,14013,Bistro Wild Salmon Frozen Entree,0.6173,7.874,6.299,1.575
2716894,96,Webequie,24082,Organic Dark Sweet Cherries,4.0,11.811,7.874,3.15
2716894,96,Webequie,34584,Organic Sliced Peaches,0.937,7.874,5.906,1.575
2716894,96,Webequie,36506,Extra Cheesy Cheddar Bunnies Crackers,0.3748,2.362,5.906,7.874
2716894,96,Webequie,7018,"Pasta Sauce, Vodka Sauce",1.5,3.319,3.319,6.748
2716894,96,Webequie,8467,Cinnamon Raisin Bread,1.0,3.15,4.724,7.48
2975214,279,Webequie,45,European Cucumber,0.6548,9.843,1.969,1.969
2975214,279,Webequie,47209,Organic Hass Avocado,0.3307,3.937,2.953,2.953
2975214,279,Webequie,34969,Red Vine Tomato,0.3307,2.953,2.953,2.953
3036611,466,Webequie,42736,Unsalted Butter,1.0,4.724,2.362,1.575
3036611,466,Webequie,12315,Dairy Free Hazelnut Coconut Milk Creamer,2.1495,2.559,3.15,7.874
3036611,466,Webequie,8277,Apple Honeycrisp Organic,0.5335,3.346,3.346,3.268
3036611,466,Webequie,19508,Corn Tortillas,1.5625,7.874,7.874,1.969
3036611,466,Webequie,27966,Organic Raspberries,0.375,4.921,4.921,1.772
3036611,466,Webequie,2314,Whole Milk Ricotta Cheese,2.0,4.724,3.937,7.087
3036611,466,Webequie,39275,Organic Blueberries,0.3748,6.693,4.724,1.772
3036611,466,Webequie,18027,Ezekiel 4:9 Bread Organic Sprouted Whole Grain,1.4991,5.0,4.016,7.52
3036611,466,Webequie,9839,Organic Broccoli,0.9921,5.906,5.906,4.724
3036611,466,Webequie,45504,Whole Organic Omega 3 Milk,4.299,3.74,6.496,9.646
3036611,466,Webequie,49235,Organic Half & Half,2.1275,2.756,3.937,9.252
3036611,466,Webequie,21158,Everything Bagel,1.25,4.724,7.874,5.512
3054271,264,Webequie,30450,Creamy Almond Butter,1.0,2.756,3.346,5.118
3054271,264,Webequie,34497,"Prosciutto, Americano",0.125,0.984,4.724,7.087
3054271,264,Webequie,12576,Kiwi Sandia Sparkling Water,2.2046,3.15,3.15,10.63
3054271,264,Webequie,49235,Organic Half & Half,2.1275,2.756,3.937,9.252
3054271,264,Webequie,8239,Peanut Butter Creamy With Salt,1.0009,3.346,3.346,4.331
3054271,264,Webequie,39947,Blackberry Cucumber Sparkling Water,9.3696,7.874,5.315,5.512
3054271,264,Webequie,5212,Watermelon Chunks,1.0,3.937,6.299,2.559
3198059,776,Webequie,49235,Organic Half & Half,2.1275,2.756,3.937,9.252
3198059,776,Webequie,21333,Original Whipped Cream Cheese,0.5004,3.346,3.346,2.165
3198059,776,Webequie,27757,Beef Salami,0.375,1.772,4.724,7.087
3198059,776,Webequie,29192,Lean Beef Salami,0.5004,5.906,3.937,1.575
3198059,776,Webequie,3332,Matzo Ball & Soup Mix,0.7496,2.165,5.118,7.48
3198059,776,Webequie,46431,Egg & Onion Matzos,1.0009,2.756,8.268,11.024
3327334,450,Webequie,16797,Strawberries,1.0,7.48,4.528,3.071
3327334,450,Webequie,20574,Roasted Turkey,0.5004,1.181,5.906,7.874
3327334,450,Webequie,19348,Fat Free Milk,4.277,3.882,3.882,9.441
3327334,450,Webequie,33845,Organic YoBaby Vanilla Yogurt,0.2491,2.559,2.559,2.362
3327334,450,Webequie,25093,Colby Jack Cheese,0.5,4.724,3.15,1.181
3327334,450,Webequie,47759,Mandarin Oranges,1.9996,7.087,5.118,3.15
126784,470,Webequie,27845,Organic Whole Milk,4.2108,3.748,3.748,9.5
126784,470,Webequie,5612,Reduced Fat Milk,4.31,4.098,4.098,9.402
126784,470,Webequie,21333,Original Whipped Cream Cheese,0.5004,3.346,3.346,2.165
380205,984,Webequie,19488,Select-A-Size White Paper Towels,1.9996,4.724,8.661,11.024
380205,984,Webequie,23234,Ultra Strong Unscented 2-Ply Bathroom Tissue,1.9996,9.449,7.874,9.055
380205,984,Webequie,33909,Cracked Wheat Sourdough Loaf,1.25,8.661,4.331,4.331
380205,984,Webequie,25686,Super Soft Flour Tortillas Fajita Size 20 ct,1.25,9.843,7.874,2.756
380205,984,Webequie,27156,Organic Black Beans,0.9375,2.953,2.953,8.858
380205,984,Webequie,28441,Chick'n Nuggets,1.0009,2.362,7.874,10.236
380205,984,Webequie,19350,"Yogurt, Lowfat, Organic, Vanilla Bean",1.9996,3.74,3.74,5.512
380205,984,Webequie,22699,Steamfresh Premium Selects Broccoli Florets,0.7496,1.772,6.496,8.268
380205,984,Webequie,31564,Crackers,0.5622,7.874,2.756,1.969
380205,984,Webequie,17616,Goldfish Cheddar Baked Snack Crackers,1.8739,4.016,7.992,10.984
380205,984,Webequie,34898,Low Moisture Part Skim Mozzarella String Cheese,1.25,2.992,5.0,7.992
380205,984,Webequie,21137,Organic Strawberries,1.0,7.48,4.528,3.071
380205,984,Webequie,27966,Organic Raspberries,0.375,4.921,4.921,1.772
380579,200,Webequie,46709,Gluten Free Old Fashioned Rolled Oats,1.1244,7.874,3.543,11.024
380579,200,Webequie,12023,Toasted Coconut Chips Original Recipe,0.2491,1.969,5.512,8.268
380579,200,Webequie,30450,Creamy Almond Butter,1.0,2.756,3.346,5.118
380579,200,Webequie,2966,Pure Coconut Water,2.2708,2.992,2.992,10.0
380579,200,Webequie,45840,100% Pure Apple Juice,2.0856,2.756,2.756,9.252
380579,200,Webequie,42768,Organic Garbanzo Beans,0.9375,2.953,2.953,4.331
380579,200,Webequie,16521,Walnut Halves & Pieces,0.5,2.362,6.102,8.858
551358,209,Webequie,4297,Cool Mint Chocolate,0.1565,5.709,2.165,0.984
551358,209,Webequie,30146,Sierra Trail Mix Energy Bar,0.0882,1.378,2.953,5.906
551358,209,Webequie,20876,Crunchy Peanut Butter Energy Bar,0.8995,3.15,6.102,8.268
551358,209,Webequie,48335,Chocolate Brownie Energy Bar,0.75,2.362,5.906,8.661
551358,209,Webequie,10840,Blueberry Crisp Energy Bar,0.0882,2.165,1.378,0.591
551358,209,Webequie,19821,Chocolate Chip,0.75,2.291,5.311,5.76
551358,209,Webequie,37418,Mojo Chocolate Almond Coconut Bar,0.0882,0.984,1.969,4.724
551358,209,Webequie,35942,Mojo Peanut Butter Bar,0.1124,0.709,2.559,5.512
551358,209,Webequie,5693,Kit's Organic Cashew Fruit & Nut Bar,0.0772,1.181,2.953,5.906
551358,209,Webequie,22917,Kit's Organic Dark Chocolate Walnut Fruit & Nut Bar,0.0882,0.709,1.969,5.709
551358,209,Webequie,22195,Kit's Organic Dark Chocolate Almond Coconut Fruit & Nut Bar,0.0882,0.787,2.165,5.512
551358,209,Webequie,35536,Carrot Cake,1.125,7.874,7.874,3.543
551358,209,Webequie,4217,Dutch Cocoa Flavor Crunchy Nuggets,0.7496,5.984,4.016,2.008
551358,209,Webequie,5194,Organic Bunny Fruit Snacks Berry Patch,0.3131,1.969,3.937,5.906
551358,209,Webequie,13740,Organic Summer Strawberry Bunny Fruit Snacks,0.3131,7.087,5.118,1.575
551358,209,Webequie,15567,Crunchy Chickpeas Falafel,0.2491,5.906,1.969,8.661
551358,209,Webequie,46902,Organic Kale Krunch Superfood,0.1367,2.362,7.087,10.236
551358,209,Webequie,47630,Medium Navel Orange,0.2866,2.953,2.953,2.953
1136851,574,Webequie,47626,Large Lemon,0.3086,3.15,2.953,2.953
1136851,574,Webequie,9387,Granny Smith Apples,0.5335,2.953,2.953,3.071
1387711,253,Webequie,26221,Skinny Cow Vanilla Low Fat Ice Cream Sandwiches,0.6261,7.874,5.906,3.15
1387711,253,Webequie,11292,The Original Irish Creme Liquer,1.8188,2.953,2.953,11.811
1387711,253,Webequie,43552,The Original,0.7496,2.756,7.48,11.811
1387711,253,Webequie,2332,Low Carb Whole Wheat Large Tortillas,0.7496,2.756,7.874,9.843
1387711,253,Webequie,31717,Organic Cilantro,0.0617,11.811,5.906,1.969
1387711,253,Webequie,4058,Mild Fire Roasted Diced Green Chiles,0.28,2.283,2.283,4.528
1387711,253,Webequie,35131,Classic Italian Style Basil Pesto,0.4189,2.559,2.559,3.15
1446561,118,Webequie,19057,Organic Large Extra Fancy Fuji Apple,0.5335,3.543,3.543,3.543
1446561,118,Webequie,48034,Peppered Turkey Jerky,0.2028,1.969,6.299,9.449
1446561,118,Webequie,46676,Total 0% Nonfat Greek Yogurt,1.9996,3.937,3.937,6.299
1446561,118,Webequie,47766,Organic Avocado,0.3307,3.937,3.937,3.15
1642493,551,Webequie,47209,Organic Hass Avocado,0.3307,3.937,2.953,2.953
1642493,551,Webequie,27683,Black Beans No Salt Added,0.9375,2.953,2.953,4.528
1642493,551,Webequie,15455,Organic Extra Virgin Oil Olive,1.6535,2.559,2.559,9.449
1642493,551,Webequie,27845,Organic Whole Milk,4.2108,3.748,3.748,9.5
1642493,551,Webequie,11980,Heritage Flakes Cereal,2.0944,3.799,9.252,11.551
1901387,557,Webequie,9411,Unsweetened Iced Coffee,2.0856,2.756,2.756,8.661
1901387,557,Webequie,19863,Classic Potato Chips,0.5,3.543,7.874,11.024
1901387,557,Webequie,32465,Sliced White Mushrooms,0.5,5.906,3.937,1.969
1901387,557,Webequie,21246,Mild Enchilada Sauce,0.937,2.165,2.953,4.331
1901387,557,Webequie,37913,Perfect Pinch Rotisserie Chicken Seasoning,0.2491,1.772,1.772,4.724
1901387,557,Webequie,12508,Red Bell Pepper,0.3263,3.937,3.937,4.331
1901387,557,Webequie,42342,Roasted Turkey Breast,0.5,6.299,4.724,1.575
1901387,557,Webequie,28842,Bunched Cilantro,0.0617,1.575,4.724,9.843
1901387,557,Webequie,42360,Farmhouse Hearty White Bread,1.25,5.118,7.087,5.512
2006658,55,Webequie,4658,Imported Mineral Water,1.2125,2.756,2.756,9.843
2006658,55,Webequie,7413,Chocolate Peppermint Stick Bar,0.0882,0.787,2.756,5.512
2006658,55,Webequie,13328,Original Veggie Breakfast Sausage Patties,0.5004,2.165,7.874,5.906
2006658,55,Webequie,27288,Chocolate Chip Cookie Dough,1.0,2.362,5.709,8.661
2006658,55,Webequie,41273,Broccoli Florets,0.75,2.362,6.299,8.661
2006658,55,Webequie,47766,Organic Avocado,0.3307,3.937,3.937,3.15
2006658,55,Webequie,23817,ActiveDry Yeast,0.0463,1.575,1.575,2.756
2006658,55,Webequie,7781,Organic Sticks Low Moisture Part Skim Mozzarella String Cheese,0.7408,2.756,6.299,8.661
2006658,55,Webequie,17616,Goldfish Cheddar Baked Snack Crackers,1.8739,4.016,7.992,10.984
2025495,888,Webequie,1244,Organic Orange Bell Pepper,0.3263,3.346,3.346,4.331
2025495,888,Webequie,27104,Fresh Cauliflower,1.3228,5.906,5.906,5.906
2025495,888,Webequie,43768,Organic Bell Pepper,0.3263,2.953,2.953,3.937
2025495,888,Webequie,22963,Organic Roasted Turkey Breast,0.7496,1.969,5.512,7.874
2025495,888,Webequie,3896,Organic Honey Sweet Whole Wheat Bread,1.4991,4.724,7.087,11.811
2056793,708,Webequie,30827,Seedless Cucumbers,1.0009,2.756,7.087,9.449
2056793,708,Webequie,8048,Packaged Grape Tomatoes,0.6239,2.362,4.724,1.969
2550362,1,Webequie,196,Soda,4.4092,4.331,4.331,12.598
2550362,1,Webequie,46149,Zero Calorie Cola,4.3651,3.937,3.937,12.205
2550362,1,Webequie,39657,Milk Chocolate Almonds,0.5,1.772,4.724,7.087
2550362,1,Webequie,25133,Organic String Cheese,1.4991,2.756,5.512,9.449
2550362,1,Webequie,10258,Pistachios,1.0009,2.165,5.512,9.055
2550362,1,Webequie,35951,Organic Unsweetened Almond Milk,4.1667,2.559,3.74,8.858
2550362,1,Webequie,13032,Cinnamon Toast Crunch,1.05,2.402,7.701,11.85
2550362,1,Webequie,12427,Original Beef Jerky,0.1875,1.969,5.906,7.874
2576723,216,Webequie,5460,Butter,1.0009,4.331,2.362,1.378
2576723,216,Webequie,24749,13 Gallon Tall Drawstring Kitchen Bags,0.9921,3.15,7.087,9.449
2576723,216,Webequie,33493,Cotton Swabs,0.1102,3.15,3.15,7.087
2576723,216,Webequie,28476,Organic Small Curd Cottage Cheese,1.0009,4.331,4.331,2.756
2576723,216,Webequie,28906,Kale Blazer Juice,1.0428,2.559,2.559,9.055
2576723,216,Webequie,17872,Total 2% Lowfat Plain Greek Yogurt,0.3312,3.74,3.74,2.26
2576723,216,Webequie,23265,Chives,0.0617,1.575,1.575,9.843
2576723,216,Webequie,41255,Spinach And Cheese Ravioli,1.25,9.055,6.299,1.969
2576723,216,Webequie,27086,Half & Half,2.1473,2.756,2.756,9.449
2576723,216,Webequie,42701,Organic Sour Cream,1.0009,2.559,4.921,2.559
2576723,216,Webequie,4138,Arancita Rossa,1.7196,2.953,2.953,11.417
2576723,216,Webequie,38948,Petit Ecolier Milk Chocolate Biscuits,0.3307,2.362,7.874,5.118
2576723,216,Webequie,30233,Organic Large Brown Grade AA Cage Free Eggs,1.4991,8.661,6.299,2.756
2576723,216,Webequie,47766,Organic Avocado,0.3307,3.937,3.937,3.15
2576723,216,Webequie,41290,Lemonade,3.4833,3.15,3.15,10.236
2576723,216,Webequie,36929,"Milk, Vitamin D",8.576,6.299,6.299,11.024
2576723,216,Webequie,1194,Natural Artisan Water,1.1729,2.559,2.559,8.858
2576723,216,Webequie,8409,Advance White Fluoride Anticavity Tartar Control Extreme Whitening Fresh Mint Flavor Toothpaste,0.3748,1.575,1.969,7.48
2968331,710,Webequie,1819,All Natural No Stir Creamy Almond Butter,1.0009,3.15,3.15,4.331
2968331,710,Webequie,40377,Unrefined Virgin Coconut Oil,0.8752,2.953,4.134,6.693
2968331,710,Webequie,47209,Organic Hass Avocado,0.3307,3.937,2.953,2.953
2968331,710,Webequie,20995,Organic Broccoli Florets,0.5625,1.969,6.299,9.055
2968331,710,Webequie,4487,Vegetarian Organic Golden Corn,0.9524,2.953,2.953,4.528
2968331,710,Webequie,21903,Organic Baby Spinach,0.3125,3.0,7.799,10.0
2968331,710,Webequie,9480,Spinach Tortillas 8 Count,0.7496,10.236,10.236,1.969
2968331,710,Webequie,32607,White Unscented Facial Tissue,0.485,9.449,4.528,2.559
2968331,710,Webequie,32020,Classic Ranch Yogurt Dressing,1.0957,2.756,2.756,9.055
2968331,710,Webequie,19057,Organic Large Extra Fancy Fuji Apple,0.5335,3.543,3.543,3.543
3022647,318,Webequie,14233,Natural Artesian Water,1.1067,2.559,2.559,8.465
3338586,780,Webequie,39046,Smok Cured Turkey Bacon,0.5004,7.087,5.512,1.575
3338586,780,Webequie,38730,Brownie Crunch High Protein Bar,0.1323,5.512,2.165,0.984
3338586,780,Webequie,36923,Trop50 No Pulp Orange Juice,3.5274,3.74,6.89,9.252
3338586,780,Webequie,10468,Natural Bliss All Natural Coffee Creamer Sweet Cream Flavor,2.1473,3.15,3.15,9.843
3338586,780,Webequie,6550,Fridge and Freezer Baking Soda Pack,1.9996,3.543,1.969,6.693
3411385,861,Webequie,34551,Organic Cane Sugar,10.0,7.087,4.724,2.756
3411385,861,Webequie,21137,Organic Strawberries,1.0,7.48,4.528,3.071
445900,396,Webequie,3308,Original English Muffins,0.75,3.937,7.087,7.087
445900,396,Webequie,27663,GOLEAN Crunch! Cereal,0.8444,7.874,2.362,11.811
445900,396,Webequie,39928,Organic Kiwi,0.1631,2.953,2.165,2.165
445900,396,Webequie,44632,Sparkling Water Grapefruit,9.3696,10.63,7.874,5.512
445900,396,Webequie,44980,The Original Multi Grain Bread,1.2478,5.906,5.118,6.299
445900,396,Webequie,12312,Lavender Hand Soap,0.5203,2.165,2.756,6.89
445900,396,Webequie,18091,Daily Moisturizing Lotion,1.1729,2.165,3.346,8.661
690369,746,Webequie,354,Twist n Loc Small Round Containers + Lids,0.948,3.346,7.087,9.449
690369,746,Webequie,1194,Natural Artisan Water,1.1729,2.559,2.559,8.858
690369,746,Webequie,35246,6.25 Oz LifeSavers Wintogreen Peg,0.3902,5.512,2.362,8.268
829667,122,Webequie,14365,Whipped Mixed Berry Tub,0.5004,3.937,3.937,2.953
829667,122,Webequie,36118,Double Fiber Whole Grain Sliced English Muffins,0.7496,7.874,5.512,2.756
829667,122,Webequie,10300,Glazed Chicken,0.6239,1.575,7.48,5.906
829667,122,Webequie,26771,Light Coffee with Milk Medium Roast Iced Coffee,0.7496,2.559,2.559,7.087
1624343,633,Webequie,13424,Almonds,0.5004,2.756,5.906,8.661
1624343,633,Webequie,28364,Honey BBQ Glazed Chicken Wings,1.0009,1.969,7.874,5.906
1624343,633,Webequie,26881,Breaded Chicken Breast Patties,2.25,3.15,10.236,7.087
2286621,392,Webequie,7521,New Orleans Iced Coffee,1.1023,2.992,2.992,7.52
2286621,392,Webequie,25718,Cold Brew Coffee,0.7165,2.362,2.362,7.874
2286621,392,Webequie,3957,100% Raw Coconut Water,1.0913,2.559,2.559,7.087
2438149,200,Webequie,17526,70% Dark Chocolate Salted Almond Bar,0.1874,0.787,2.953,6.299
2438149,200,Webequie,21405,"Organic Red Radish, Bunch",0.9921,2.362,5.906,9.055
2438149,200,Webequie,21914,Peanut Butter & Jelly Fruit & Nut Food Bar,0.1058,5.512,2.362,0.984
2438149,200,Webequie,22227,Coconut Cream Pie,2.625,11.024,11.024,3.15
2438149,200,Webequie,47717,Peanut Butter Cookie,0.125,1.181,2.756,3.937
2438149,200,Webequie,30450,Creamy Almond Butter,1.0,2.756,3.346,5.118
2438149,200,Webequie,17794,Carrots,0.172,7.0,1.252,1.252
2438149,200,Webequie,15386,Whole Grain White Corn Salted Tortilla Chips,0.6239,3.15,7.874,11.811
2438149,200,Webequie,26209,Limes,0.1477,2.165,2.165,1.969
2438149,200,Webequie,1516,Organic Acai Berry Smoothie Packs,0.8818,1.969,7.874,7.087
2438149,200,Webequie,38844,Oatmeal Raisin Walnut Energy Bar,0.1257,5.315,2.953,1.575
2438149,200,Webequie,10840,Blueberry Crisp Energy Bar,0.0882,2.165,1.378,0.591
2438149,200,Webequie,16797,Strawberries,1.0,7.48,4.528,3.071
2438149,200,Webequie,5547,Roasted Sesame Seaweed Snacks,0.0375,1.969,5.118,7.874
2438149,200,Webequie,26800,Organic Baby Kale Mix,0.3131,3.15,7.087,9.449
2438149,200,Webequie,43789,Organic Basil,0.0309,1.575,3.937,5.906
2438149,200,Webequie,22548,Coldbrew Coffee Pops,0.6614,3.15,5.512,2.362
2438149,200,Webequie,40396,Guacamole,1.0009,4.331,6.102,2.165
2438149,200,Webequie,42123,Sparkling Pineapple Coconut Probiotic Drink,0.7826,2.559,5.118,8.661
2438149,200,Webequie,28156,Total 0% Nonfat Plain Greek Yogurt,0.3312,3.74,3.74,2.26
2438149,200,Webequie,42697,Real Sweet Potato Vegetable Chips,0.3131,3.15,5.512,9.449
2438149,200,Webequie,44632,Sparkling Water Grapefruit,9.3696,10.63,7.874,5.512
2438149,200,Webequie,39947,Blackberry Cucumber Sparkling Water,9.3696,7.874,5.315,5.512
2438149,200,Webequie,38432,Green Goddess Dressing,1.0428,2.362,2.362,8.268
2438149,200,Webequie,28849,No Salt Added Black Beans,0.9375,2.913,2.913,4.409
2438149,200,Webequie,3376,Organic Whole Kernel Sweet Corn No Salt Added,0.937,2.953,2.953,4.331
2438149,200,Webequie,35898,Original Hot Sauce,0.399,1.799,1.799,7.35
2438149,200,Webequie,7916,Grilled Chicken Breast,0.5,5.906,3.937,1.575
2438149,200,Webequie,40706,Organic Grape Tomatoes,0.625,2.362,5.709,2.165
2772634,170,Webequie,13060,OTC Acid Reducer,0.0463,1.772,2.559,4.331
2772634,170,Webequie,33452,Fruit Punch Sports Drink,1.3162,2.756,2.756,9.843
3065319,522,Webequie,38689,Organic Reduced Fat Milk,2.0856,2.953,2.953,9.252
3065319,522,Webequie,35045,Original No Pulp Pure 100% Florida Orange Juice,4.1667,2.756,3.937,9.646
3065319,522,Webequie,45840,100% Pure Apple Juice,2.0856,2.756,2.756,9.252
3065319,522,Webequie,15613,Salted Tub of Butter,1.0009,3.937,2.953,1.969
3065319,522,Webequie,18531,Organic Heavy Whipping Cream,1.0428,2.756,2.756,7.48
3065319,522,Webequie,5240,Spaghetti  No 12,1.0,1.402,11.0,3.201
3065319,522,Webequie,49119,Organic Colombia Fair Trade Whole Bean Coffee,0.7496,3.15,5.118,8.268
3065319,522,Webequie,19511,Half And Half,1.0428,2.756,2.756,7.874
3065319,522,Webequie,9547,Turkey Franks,1.0,7.874,5.906,1.969
3065319,522,Webequie,12896,Light Rye Crispbread,0.5512,2.756,6.693,9.843
